Time - Measured (m/s^2),Amplitude - Measured (m/s^2)
0,0
0,0
0,0
0,0
0,0
0,0
0,0
0,0
0,0
0,5.98E-06
0,5.97E-06
0,-2.39E-08
0,-2.39E-08
0,-6.01E-06
0,-5.99E-06
0,-1.20E-05
0,-1.19E-05
0,-1.79E-05
0,-1.79E-05
0,-1.18E-05
0,-2.38E-05
0,-2.97E-05
0,-2.97E-05
0,-2.36E-05
0,-2.36E-05
0,-1.75E-05
0,-1.15E-05
0,-5.94E-05
0,5.81E-07
0,5.80E-07
0,1.85E-05
0,3.64E-05
0,3.64E-05
0,4.82E-05
0,5.41E-05
0,5.40E-05
0,5.39E-05
0,5.38E-05
0,7.76E-05
0,8.35E-05
0,9.52E-05
0,0.000154872
0,0.000190451
0,0.00019007
0,0.000219598
0,0.00022514
0,0.000230671
0,0.00023021
0,0.000223768
0,0.000229302
0,0.000228843
0,0.000222404
0,0.000221959
0,0.000215534
0,0.000221084
0,0.000220642
0,0.000214219
0,0.000213791
0,0.000219345
0,0.000224887
0,0.000224438
0,0.000223989
0,0.000247467
0,0.00024099
0,0.000234527
0,0.000293872
0,0.00031721
0,0.000328539
0,0.000357789
0,0.000357073
0,0.000362341
0,0.000409467
0,0.000402667
0,0.00039588
0,0.000389107
0,0.000382347
0,0.000375601
0,0.000362887
0,0.000404032
0,0.000409205
0,0.000402405
0,0.000377674
0,0.000382901
0,0.000406061
0,0.000459081
0,0.000464145
0,0.000469198
0,0.000462278
0,0.000467335
0,0.00050827
0,0.000507254
0,0.000500258
0,0.000499257
0,0.000492277
0,0.000527181
0,0.000526127
0,0.000531056
0,0.000535976
0,0.000540885
0,0.000539803
0,0.000544705
0,0.000537634
0,0.000530578
0,0.000487646
0,0.000546486
0,0.000551374
0,0.000556253
0,0.000549159
0,0.00054806
0,0.000546964
0,0.000551852
0,0.000550748
0,0.000549647
0,0.000548547
0,0.000541469
0,0.000540386
0,0.000539305
0,0.000526264
0,0.00051923
0,0.00051221
0,0.000511185
0,0.000510163
0,0.000509143
0,0.000508124
0,0.000507108
0,0.000506094
0,0.000505082
0,0.000504071
0,0.000497082
0,0.000502069
0,0.000501065
0,0.000506044
0,0.000499051
0,0.000492071
0,0.000491087
0,0.000490105
0,0.000489125
0,0.000482165
0,0.000481201
0,0.000480238
0,0.000473296
0,0.00047235
0,0.000471405
0,0.000470462
0,0.000469521
0,0.000468582
0,0.000467645
0,0.00046671
0,0.000465776
0,0.000464845
0,0.000457934
0,0.000457018
0,0.000456104
0,0.000455192
0,0.000454281
0,0.000447391
0,0.000452478
0,0.000451573
0,0.000444688
0,0.000443799
0,0.000442911
0,0.000448007
0,0.00044113
0,0.000440247
0,0.000445348
0,0.000444458
0,0.000443569
0,0.000442682
0,0.000435815
0,0.000434943
0,0.000440055
0,0.000439175
0,0.000438296
0,0.00043742
0,0.000436545
0,0.000435672
0,0.0004348
0,0.000439912
0,0.000439032
0,0.000438154
0,0.000437278
0,0.000436403
0,0.000441512
0,0.000440629
0,0.000451711
0,0.000450807
0,0.000449906
0,0.000449006
0,0.000448108
0,0.000447212
0,0.000446317
0,0.000445425
0,0.000450515
0,0.000449614
0,0.000448715
0,0.000447817
0,0.000446922
0,0.000440047
0,0.000439166
0,0.000438288
0,0.000437412
0,0.000436537
0,0.000435664
0,0.000434792
0,0.000433923
0,0.000433055
0,0.000432189
0,0.000431324
0,0.000430462
0,0.000429601
0,0.00042276
0,0.000421915
0,0.000421071
0,0.000420229
0,0.000419388
0,0.000418549
0,0.000423694
0,0.000422846
0,0.000416019
0,0.000415187
0,0.000414357
0,0.000413528
0,0.000412701
0,0.000417857
0,0.000417021
0,0.000416187
0,0.000415355
0,0.000414524
0,0.000413695
0,0.000412868
0,0.000412042
0,0.000411218
0,0.000404414
0,0.000403605
0,0.00040878
0,0.000407962
0,0.000413127
0,0.000412301
0,0.000417458
0,0.000410642
0,0.00040982
0,0.000414982
0,0.000414152
0,0.000419305
0,0.000418467
0,0.00041763
0,0.000422776
0,0.000415949
0,0.000415117
0,0.000408305
0,0.000407489
1,0.000406674
1,0.000411842
1,0.000411018
1,0.000410196
1,0.000409376
1,0.000408557
1,0.00040774
1,0.000406925
1,0.000406111
1,0.000399317
1,0.000398518
1,0.000397721
1,0.000390944
1,0.000390163
1,0.000389382
1,0.000382622
1,0.000375875
1,0.000375124
1,0.000374373
1,0.000373625
1,0.000372877
1,0.000378113
1,0.000383338
1,0.00037659
1,0.000375837
1,0.000381067
1,0.000380305
1,0.000385525
1,0.000384754
1,0.000383985
1,0.000383217
1,0.00038245
1,0.000375704
1,0.000368971
1,0.000374215
1,0.000367485
1,0.00036675
1,0.000366016
1,0.000365284
1,0.000364554
1,0.000363825
1,0.000363097
1,0.000356389
1,0.000355677
1,0.000348984
1,0.000348286
1,0.000353571
1,0.000346882
1,0.000346188
1,0.000345496
1,0.000344805
1,0.000344115
1,0.000343427
1,0.00034274
1,0.000336073
1,0.000341383
1,0.0003407
1,0.000340019
1,0.000333357
1,0.00033269
1,0.000332025
1,0.000325379
1,0.000324729
1,0.000324079
1,0.000323431
1,0.000322784
1,0.000322139
1,0.000321494
1,0.000320851
1,0.00032021
1,0.000313588
1,0.000306979
1,0.000306365
1,0.000299771
1,0.00029319
1,0.000292604
1,0.000292019
1,0.000291434
1,0.000290852
1,0.00029027
1,0.000283708
1,0.000277159
1,0.000282586
1,0.000282021
1,0.000281457
1,0.000280894
1,0.000280332
1,0.00027379
1,0.000273243
1,0.000272696
1,0.000278132
1,0.000277576
1,0.000277021
1,0.000276467
1,0.000275914
1,0.000275362
1,0.00026883
1,0.000268292
1,0.000267756
1,0.00026722
1,0.000266686
1,0.000266152
1,0.00026562
1,0.000265089
1,0.000264558
1,0.000264029
1,0.000263501
1,0.000256993
1,0.000256479
1,0.000261947
1,0.000261423
1,0.000254919
1,0.000254409
1,0.000253901
1,0.000259374
1,0.000258855
1,0.000258338
1,0.000257821
1,0.000251324
1,0.00024484
1,0.00024435
1,0.00023788
1,0.000237404
1,0.000230948
1,0.000230486
1,0.000224044
1,0.000223596
1,0.000223148
1,0.000222702
1,0.000216275
1,0.000221824
1,0.000221381
1,0.000220938
1,0.000220496
1,0.000220055
1,0.000219615
1,0.000219176
1,0.000218737
1,0.0002183
1,0.000217863
1,0.000217427
1,0.000216993
1,0.000210577
1,0.000210156
1,0.000209736
1,0.000203335
1,0.000202928
1,0.000202522
1,0.000202117
1,0.000195731
1,0.00019534
1,0.000194949
1,0.000194559
1,0.000188189
1,0.000187812
1,0.000181455
1,0.000181092
1,0.00018073
1,0.000180369
1,0.000180008
1,0.000173667
1,0.000167338
1,0.00015504
1,0.00015473
1,0.000154421
1,0.000160093
1,0.000153792
1,0.000153484
1,0.000159159
1,0.00015884
1,0.000164504
1,0.000164175
1,0.000163847
1,0.000157538
1,0.000157223
1,0.000156908
1,0.000156594
1,0.0001503
1,0.000149999
1,0.000149699
1,0.000143418
1,0.000143131
1,0.000148827
1,0.00015451
1,0.000154201
1,0.000153893
1,0.000153585
1,0.000153278
1,0.000152971
1,0.000146684
1,0.000146391
1,0.000146098
1,0.000145806
1,0.000145514
1,0.000145223
1,0.000144933
1,0.000144643
1,0.000144353
1,0.000138083
1,0.000131826
1,0.000131562
1,0.000131299
1,0.000131036
1,0.000130774
1,0.000124531
1,0.000124282
1,0.000124034
1,0.000123786
1,0.000123538
1,0.000129272
1,0.000134995
1,0.000134725
1,0.000134456
1,0.000134187
1,0.000127937
1,0.0001217
1,0.000121456
1,0.000121213
1,0.000126952
1,0.000126699
1,0.000126445
1,0.000120211
1,0.00011997
1,0.00011973
1,0.000119491
1,0.000119252
1,0.000113032
1,0.000106825
1,0.000106611
1,0.000100416
1,0.000100215
1,0.000100015
1,9.98E-05
1,9.36E-05
1,9.34E-05
1,9.33E-05
1,9.31E-05
1,8.69E-05
1,8.67E-05
1,8.66E-05
1,8.04E-05
1,8.02E-05
1,7.41E-05
1,6.80E-05
1,6.78E-05
1,6.17E-05
1,6.16E-05
1,6.15E-05
1,6.13E-05
1,6.12E-05
1,6.11E-05
1,6.10E-05
1,6.09E-05
1,5.48E-05
1,5.46E-05
1,5.45E-05
1,6.04E-05
1,5.43E-05
1,5.42E-05
1,5.41E-05
1,5.40E-05
1,4.79E-05
1,4.78E-05
1,4.17E-05
1,3.57E-05
1,3.56E-05
1,3.55E-05
1,2.95E-05
1,2.94E-05
1,2.93E-05
1,2.93E-05
1,2.92E-05
1,2.32E-05
1,2.31E-05
1,1.71E-05
1,1.11E-05
1,1.11E-05
1,5.07E-06
1,5.06E-06
1,5.05E-06
1,-9.42E-07
1,-9.40E-07
1,-9.38E-07
1,-9.36E-07
1,-9.34E-07
1,-6.91E-06
1,-6.90E-06
1,-6.89E-06
1,-1.29E-05
1,-1.28E-05
1,-1.28E-05
1,-1.28E-05
1,-1.87E-05
1,-2.47E-05
1,-2.46E-05
1,-2.46E-05
1,-3.05E-05
1,-3.64E-05
1,-3.64E-05
1,-4.23E-05
1,-4.22E-05
1,-4.81E-05
1,-4.80E-05
1,-5.39E-05
1,-5.38E-05
1,-5.96E-05
1,-5.95E-05
1,-7.14E-05
1,-7.12E-05
1,-7.11E-05
1,-7.09E-05
1,-7.68E-05
1,-7.66E-05
1,-7.05E-05
1,-7.03E-05
1,-7.02E-05
1,-7.01E-05
1,-6.99E-05
1,-6.98E-05
1,-6.96E-05
1,-7.55E-05
1,-7.53E-05
1,-7.52E-05
1,-7.50E-05
1,-8.09E-05
1,-8.07E-05
1,-8.65E-05
1,-8.63E-05
1,-8.62E-05
1,-8.60E-05
1,-8.58E-05
1,-7.97E-05
1,-8.55E-05
1,-8.53E-05
1,-8.52E-05
1,-9.10E-05
1,-9.68E-05
1,-9.66E-05
1,-9.04E-05
1,-9.62E-05
1,-9.60E-05
1,-0.000101799
1,-0.000101596
1,-0.000101392
1,-0.000107171
1,-0.000112938
1,-0.000118694
1,-0.000124438
1,-0.000124189
1,-0.000123941
1,-0.000129674
1,-0.000135396
1,-0.000135125
1,-0.000140837
1,-0.000146536
1,-0.000146243
1,-0.000151932
1,-0.00015761
1,-0.000157295
1,-0.000162962
1,-0.000168617
1,-0.00016828
1,-0.000167943
1,-0.000161626
1,-0.000161303
1,-0.000166962
1,-0.000166628
1,-0.000166294
1,-0.000165962
1,-0.000171611
1,-0.000171268
1,-0.000170926
1,-0.000176565
1,-0.000182193
1,-0.000187811
1,-0.000193416
1,-0.000193029
1,-0.000192643
1,-0.00019824
1,-0.000191862
1,-0.000191478
1,-0.000191095
1,-0.000190713
1,-0.000190331
1,-0.000189951
1,-0.000189571
1,-0.000195173
1,-0.000194783
1,-0.000194393
1,-0.000199986
1,-0.000199586
1,-0.000199187
1,-0.000198788
1,-0.000198391
1,-0.000203975
1,-0.000209549
1,-0.000203148
1,-0.000202742
1,-0.000202337
1,-0.000201932
1,-0.000201528
1,-0.000201125
1,-0.000194741
1,-0.000194352
1,-0.000199945
1,-0.000205526
1,-0.000205115
1,-0.000210686
1,-0.000210265
1,-0.000215826
1,-0.000215394
1,-0.000220945
1,-0.000214522
1,-0.000214092
1,-0.000219646
1,-0.000219206
1,-0.000218768
1,-0.00021833
1,-0.000223875
1,-0.000229409
1,-0.00022895
1,-0.000228492
1,-0.000234017
1,-0.000233549
1,-0.000233082
1,-0.000232615
1,-0.00023215
1,-0.000237667
1,-0.000237192
1,-0.000236718
1,-0.000236244
1,-0.000241753
1,-0.000247251
1,-0.000246757
1,-0.000246263
1,-0.000245771
1,-0.000245279
1,-0.000244788
1,-0.000244299
1,-0.000237829
1,-0.000237353
1,-0.000236878
1,-0.000236405
1,-0.000235932
1,-0.000241441
1,-0.000240959
1,-0.000246458
1,-0.000251947
1,-0.000251443
1,-0.00025094
1,-0.000250438
1,-0.000249937
1,-0.000255419
1,-0.000260889
1,-0.000260367
1,-0.000259847
1,-0.000259327
1,-0.000258808
1,-0.000258291
1,-0.000257774
1,-0.00026324
1,-0.000262714
1,-0.00026817
1,-0.000267633
1,-0.000267098
1,-0.000266564
1,-0.000266031
1,-0.00027148
1,-0.000276919
1,-0.000276365
1,-0.000275812
1,-0.00027526
1,-0.000262747
1,-0.000268203
1,-0.000273648
1,-0.000273101
1,-0.000272554
1,-0.000283972
1,-0.000289386
1,-0.000288807
1,-0.000288229
1,-0.000287653
1,-0.000293059
1,-0.000298454
1,-0.000297857
1,-0.000297262
1,-0.000296667
1,-0.000290092
1,-0.000295494
1,-0.000300884
1,-0.000306264
1,-0.000311633
1,-0.000305028
1,-0.000304418
1,-0.000309791
1,-0.000315152
1,-0.000320504
1,-0.000319863
1,-0.000319223
2,-0.000324566
2,-0.000323917
2,-0.00032925
2,-0.000334573
2,-0.000333904
2,-0.000333236
2,-0.000326588
2,-0.000325935
2,-0.000319302
2,-0.000318663
2,-0.000318026
2,-0.000323371
2,-0.000328706
2,-0.00033403
2,-0.000339344
2,-0.000338665
2,-0.000332006
2,-0.000337323
2,-0.00034263
2,-0.000341945
2,-0.000341261
2,-0.000340579
2,-0.000339897
2,-0.000345199
2,-0.000344509
2,-0.00034382
2,-0.000343132
2,-0.000342446
2,-0.000347742
2,-0.000353028
2,-0.000358304
2,-0.000363569
2,-0.000368823
2,-0.000374067
2,-0.000373319
2,-0.000372572
2,-0.000371827
2,-0.000377065
2,-0.000382292
2,-0.000375546
2,-0.000368813
2,-0.000368076
2,-0.000373321
2,-0.000372574
2,-0.000371829
2,-0.000371085
2,-0.000376325
2,-0.000375572
2,-0.000374821
2,-0.00036809
2,-0.000367354
2,-0.000360638
2,-0.000365898
2,-0.000365166
2,-0.000370417
2,-0.000369676
2,-0.000368937
2,-0.000368199
2,-0.000367463
2,-0.000360746
2,-0.000354043
2,-0.000353335
2,-0.000352629
2,-0.000351923
2,-0.000357201
2,-0.000362468
2,-0.000361743
2,-0.000361019
2,-0.000360297
2,-0.000353595
2,-0.000352888
2,-0.000358164
2,-0.000357448
2,-0.000350751
2,-0.00035005
2,-0.00034935
2,-0.000348651
2,-0.000347954
2,-0.000341276
2,-0.000340594
2,-0.000345894
2,-0.000345202
2,-0.000344512
2,-0.000343823
2,-0.000343135
2,-0.000342449
2,-0.000341764
2,-0.00034108
2,-0.000334417
2,-0.000333748
2,-0.000339062
2,-0.000338384
2,-0.000337707
2,-0.000337032
2,-0.000336358
2,-0.000341666
2,-0.000340983
2,-0.000340301
2,-0.00033962
2,-0.00033296
2,-0.000338275
2,-0.000337599
2,-0.000336923
2,-0.00033625
2,-0.000341559
2,-0.000340875
2,-0.000352157
2,-0.000357434
2,-0.000356719
2,-0.000356005
2,-0.000355293
2,-0.000354583
2,-0.000300041
2,-0.000305422
2,-0.000352663
2,-0.000345976
2,-0.00032734
2,-0.000320704
2,-0.000272211
2,-0.000271666
2,-0.000277104
2,-0.00027655
2,-0.000222164
2,-0.00017985
2,-0.00022136
2,-0.000214936
2,-0.000220487
2,-0.000214065
2,-0.000255507
2,-0.000260977
2,-0.000248492
2,-0.000242014
2,-0.000247511
2,-0.000241035
2,-0.000210646
2,-0.000204243
2,-0.000209816
2,-0.000215378
2,-0.000214947
2,-0.000220499
2,-0.000226039
2,-0.000225587
2,-0.000231117
2,-0.000224674
2,-0.000224224
2,-0.000223776
2,-0.000223328
2,-0.0002169
2,-0.000222448
2,-0.000222003
2,-0.000221559
2,-0.000227097
2,-0.000226643
2,-0.00022619
2,-0.000225737
2,-0.000225286
2,-0.000224835
2,-0.000224386
2,-0.000223937
2,-0.000223489
2,-0.000229023
2,-0.000228565
2,-0.000222127
2,-0.000221682
2,-0.000227221
2,-0.000190877
2,-0.000196477
2,-0.000160196
2,-0.000195764
2,-0.000201354
2,-0.000206932
2,-0.000218481
2,-0.000218045
2,-0.000217608
2,-0.000211192
2,-0.000210769
2,-0.000240255
2,-0.000245756
2,-0.000245265
2,-0.000262718
2,-0.000262193
2,-0.000279613
2,-0.000285035
2,-0.000278484
2,-0.000265964
2,-0.00025945
2,-0.000258931
2,-0.000300284
2,-0.000335572
2,-0.000328919
2,-0.000340224
2,-0.000339544
2,-0.000350828
2,-0.000397977
2,-0.000397182
2,-0.000336573
2,-0.000329918
2,-0.000341221
2,-0.000394372
2,-0.00042349
2,-0.000434606
2,-0.000433737
2,-0.000438851
2,-0.000437973
2,-0.000437097
2,-0.000436223
2,-0.000435351
2,-0.00043448
2,-0.000433611
2,-0.000432744
2,-0.00043786
2,-0.000436984
2,-0.00043611
2,-0.000435238
2,-0.000434367
2,-0.00043948
2,-0.000438601
2,-0.000437724
2,-0.000436848
2,-0.000441956
2,-0.000441072
2,-0.00044019
2,-0.00043931
2,-0.000438431
2,-0.000437554
2,-0.000436679
2,-0.000435806
2,-0.000428953
2,-0.000428095
2,-0.000427239
2,-0.000420403
2,-0.000419562
2,-0.000418723
2,-0.000417885
2,-0.000411068
2,-0.000404265
2,-0.000409437
2,-0.0004146
2,-0.000419752
2,-0.000400968
2,-0.000400166
2,-0.000399366
2,-0.000404549
2,-0.00040374
2,-0.000396951
2,-0.000414101
2,-0.000407292
2,-0.000412458
2,-0.000411634
2,-0.00041081
2,-0.000404007
2,-0.000403199
2,-0.000396411
2,-0.0004016
2,-0.00041276
2,-0.000411934
2,-0.00041111
2,-0.000404307
2,-0.000403498
2,-0.000408672
2,-0.000401874
2,-0.00040107
2,-0.000400268
2,-0.000399467
2,-0.00040465
2,-0.00040384
2,-0.000397051
2,-0.000396257
2,-0.000401446
2,-0.000400643
2,-0.000399842
2,-0.000399042
2,-0.000398244
2,-0.000397448
2,-0.000396653
2,-0.00039586
2,-0.000395068
2,-0.000388296
2,-0.00038752
2,-0.000386745
2,-0.000385971
2,-0.000385199
2,-0.000384429
2,-0.00038366
2,-0.000382893
2,-0.000376145
2,-0.000375393
2,-0.000374642
2,-0.000373893
2,-0.000373145
2,-0.000372399
2,-0.000371654
2,-0.000370911
2,-0.000364188
2,-0.000363459
2,-0.000362732
2,-0.000362007
2,-0.000361283
2,-0.00036056
2,-0.000359839
2,-0.000359119
2,-0.000358401
2,-0.000357684
2,-0.000356969
2,-0.000356255
2,-0.000361524
2,-0.000360801
2,-0.000360079
2,-0.000365341
2,-0.00036461
2,-0.000357899
2,-0.000357183
2,-0.000362451
2,-0.000307893
2,-0.000307277
2,-0.000300681
2,-0.000306061
2,-0.000305449
2,-0.000310819
2,-0.000310198
2,-0.000303596
2,-0.000302989
2,-0.000296401
2,-0.000307771
2,-0.000301174
2,-0.000300572
2,-0.000305952
2,-0.00030534
2,-0.000298748
2,-0.000304132
2,-0.000303524
2,-0.000302917
2,-0.000302311
2,-0.000301706
2,-0.000295122
2,-0.000294531
2,-0.000299924
2,-0.000305305
2,-0.000304695
2,-0.000304085
2,-0.000303477
2,-0.00030287
2,-0.000302265
2,-0.00030166
2,-0.000301057
2,-0.000300455
2,-0.000305835
2,-0.000305223
2,-0.000304613
2,-0.000298022
2,-0.000303408
2,-0.000302801
2,-0.000302195
2,-0.000307572
2,-0.000306957
2,-0.000306343
2,-0.000311712
2,-0.000311089
2,-0.000310466
2,-0.000309845
2,-0.000309226
2,-0.000308607
2,-0.000313972
2,-0.000313344
2,-0.000312717
2,-0.000312092
2,-0.000311467
2,-0.000304863
2,-0.000310235
2,-0.000309614
2,-0.000308995
2,-0.000302396
2,-0.000307772
2,-0.000307157
2,-0.000306542
2,-0.000305929
2,-0.000305317
2,-0.000298725
2,-0.000298128
2,-0.000297532
2,-0.000290955
2,-0.000284392
2,-0.000283823
2,-0.000283255
2,-0.000282689
2,-0.000282123
2,-0.000281559
2,-0.000280996
2,-0.000280434
2,-0.000279873
2,-0.000279313
2,-0.000284736
2,-0.000284167
2,-0.000283598
2,-0.000289013
2,-0.000294416
2,-0.000293827
2,-0.000299221
2,-0.000298623
2,-0.000292044
2,-0.00029146
2,-0.000290877
2,-0.000290295
2,-0.000289715
2,-0.000283154
2,-0.000282587
2,-0.000282022
2,-0.000281458
2,-0.000280895
2,-0.000286315
2,-0.000285742
2,-0.000285171
2,-0.000290582
2,-0.000290001
2,-0.000283439
2,-0.000282872
2,-0.000282307
2,-0.000281742
2,-0.00028716
2,-0.000286586
2,-0.000286013
2,-0.000285441
2,-0.00028487
2,-0.0002843
2,-0.000283731
2,-0.000289145
2,-0.000288567
2,-0.00028799
2,-0.000287414
2,-0.000286839
2,-0.000286265
2,-0.000285693
2,-0.000285121
2,-0.000290533
2,-0.000289952
2,-0.000289372
2,-0.000288793
2,-0.000288215
2,-0.00029362
2,-0.000293033
2,-0.000292447
2,-0.000291862
2,-0.000291278
2,-0.000290696
2,-0.000290115
2,-0.000295516
2,-0.000294925
2,-0.000294335
2,-0.000287765
2,-0.000281208
2,-0.000280645
2,-0.000286065
2,-0.000279512
2,-0.000278953
2,-0.000272414
2,-0.000271869
2,-0.000271325
2,-0.000276764
2,-0.00027621
2,-0.000269676
2,-0.000263156
2,-0.000262629
2,-0.000268085
2,-0.000267549
2,-0.000272996
2,-0.00027245
2,-0.000271905
2,-0.000265379
2,-0.000258867
2,-0.000264331
2,-0.000263802
2,-0.000263275
2,-0.000262748
2,-0.000268204
2,-0.000267668
2,-0.000267132
2,-0.000266598
2,-0.000266065
2,-0.000271514
2,-0.000270971
2,-0.000270429
2,-0.000269888
2,-0.000263367
2,-0.00026284
2,-0.000268296
2,-0.00026776
2,-0.000267224
2,-0.00026669
2,-0.000266156
2,-0.000259643
2,-0.000259123
2,-0.000252624
2,-0.000252118
2,-0.000251614
2,-0.000251111
2,-0.000250609
2,-0.000256089
2,-0.000255577
2,-0.000249084
2,-0.000254567
2,-0.00026004
3,-0.00025952
3,-0.000259001
3,-0.000258483
3,-0.000257966
3,-0.000263431
3,-0.000262904
3,-0.000262378
3,-0.000261854
3,-0.00026133
3,-0.000260807
3,-0.000260286
3,-0.000259765
3,-0.000265227
3,-0.000264697
3,-0.000264167
3,-0.000263639
3,-0.000269093
3,-0.000268555
3,-0.000268018
3,-0.000267482
3,-0.000266947
3,-0.000272394
3,-0.000271849
3,-0.000271306
3,-0.000270763
3,-0.000270222
3,-0.000269681
3,-0.000275123
3,-0.000274573
3,-0.000274024
3,-0.000273476
3,-0.000272929
3,-0.000272383
3,-0.00027782
3,-0.000277264
3,-0.00027671
3,-0.000282138
3,-0.000281573
3,-0.00028101
3,-0.00028643
3,-0.000285857
3,-0.000285285
3,-0.000284714
3,-0.000284145
3,-0.000283577
3,-0.00028301
3,-0.000288425
3,-0.000287848
3,-0.000287272
3,-0.000286698
3,-0.000292106
3,-0.000291522
3,-0.000284957
3,-0.000284387
3,-0.000283819
3,-0.000283251
3,-0.000282684
3,-0.000282119
3,-0.000281555
3,-0.000280992
3,-0.00028043
3,-0.000273887
3,-0.00027334
3,-0.000278774
3,-0.000278217
3,-0.00027766
3,-0.000283087
3,-0.000276539
3,-0.000275986
3,-0.000281415
3,-0.000280852
3,-0.000286272
3,-0.0002857
3,-0.000279147
3,-0.00028457
3,-0.000284001
3,-0.000283433
3,-0.000282866
3,-0.0002823
3,-0.000281736
3,-0.000287154
3,-0.000292561
3,-0.000285994
3,-0.000279441
3,-0.0002729
3,-0.000272355
3,-0.00027181
3,-0.000271266
3,-0.000276705
3,-0.000276152
3,-0.000275599
3,-0.000269067
3,-0.000268529
3,-0.000267992
3,-0.000267456
3,-0.000266921
3,-0.000266387
3,-0.000271836
3,-0.000271292
3,-0.000270749
3,-0.000264226
3,-0.000263698
3,-0.000263171
3,-0.000262644
3,-0.0002681
3,-0.000267564
3,-0.000267029
3,-0.000266495
3,-0.000271943
3,-0.000277381
3,-0.000276826
3,-0.000276273
3,-0.00027572
3,-0.000275169
3,-0.000274618
3,-0.000274069
3,-0.000273521
3,-0.000272974
3,-0.000272428
3,-0.000271883
3,-0.000265358
3,-0.000264827
3,-0.000264297
3,-0.000263769
3,-0.000263241
3,-0.000268696
3,-0.000268159
3,-0.000267623
3,-0.000267087
3,-0.000266553
3,-0.00026602
3,-0.000265488
3,-0.000264957
3,-0.000264427
3,-0.00026988
3,-0.00026934
3,-0.000268801
3,-0.000268264
3,-0.000267727
3,-0.000273173
3,-0.000272627
3,-0.000272082
3,-0.000271537
3,-0.000276976
3,-0.000276422
3,-0.000275869
3,-0.000275317
3,-0.000274767
3,-0.000268236
3,-0.000267699
3,-0.000267164
3,-0.000272611
3,-0.000272066
3,-0.000277503
3,-0.000276948
3,-0.000276394
3,-0.000281823
3,-0.000281259
3,-0.000280697
3,-0.000280135
3,-0.000273593
3,-0.000273046
3,-0.0002725
3,-0.000271955
3,-0.000271411
3,-0.000270868
3,-0.000276308
3,-0.000275755
3,-0.000275204
3,-0.000274654
3,-0.000274104
3,-0.000279538
3,-0.000278978
3,-0.00027842
3,-0.000277864
3,-0.000277308
3,-0.000276753
3,-0.0002762
3,-0.000269666
3,-0.000269127
3,-0.00027457
3,-0.000274021
3,-0.000273473
3,-0.000272926
3,-0.00027238
3,-0.000271835
3,-0.000271291
3,-0.000264767
3,-0.000264238
3,-0.000263709
3,-0.000263182
3,-0.000262656
3,-0.00026213
3,-0.000261606
3,-0.000261083
3,-0.000260561
3,-0.00026004
3,-0.000259519
3,-0.000264982
3,-0.000270433
3,-0.000269892
3,-0.000269353
3,-0.000262833
3,-0.000262307
3,-0.000261782
3,-0.00026724
3,-0.000266706
3,-0.000266172
3,-0.00026564
3,-0.00027109
3,-0.000264566
3,-0.000270019
3,-0.00027546
3,-0.000274909
3,-0.000274359
3,-0.000273811
3,-0.000273263
3,-0.000272717
3,-0.000272171
3,-0.000271627
3,-0.000277065
3,-0.000282492
3,-0.000281927
3,-0.000275382
3,-0.000280813
3,-0.000280251
3,-0.000285672
3,-0.000291082
3,-0.0002905
3,-0.000289919
3,-0.000289339
3,-0.00028876
3,-0.000282201
3,-0.000287618
3,-0.000293025
3,-0.000292439
3,-0.000291854
3,-0.00029127
3,-0.000284706
3,-0.000284137
3,-0.00028955
3,-0.000288971
3,-0.000288393
3,-0.000287816
3,-0.00028724
3,-0.000286666
3,-0.000280111
3,-0.000285532
3,-0.000284961
3,-0.000284391
3,-0.000283823
3,-0.000283255
3,-0.000282688
3,-0.000276142
3,-0.000275589
3,-0.00028102
3,-0.000280458
3,-0.000279897
3,-0.000273355
3,-0.000272809
3,-0.000272263
3,-0.000271719
3,-0.000271175
3,-0.000270633
3,-0.000270091
3,-0.000269551
3,-0.000274994
3,-0.000274444
3,-0.000273895
3,-0.000273347
3,-0.0002728
3,-0.000272255
3,-0.000277692
3,-0.000277136
3,-0.000276582
3,-0.000276029
3,-0.000275477
3,-0.000274926
3,-0.000274376
3,-0.000267846
3,-0.00026731
3,-0.000260794
3,-0.000260272
3,-0.000259752
3,-0.000259232
3,-0.000252732
3,-0.000246246
3,-0.000245753
3,-0.000251243
3,-0.00025074
3,-0.000250239
3,-0.000243757
3,-0.000249251
3,-0.000242771
3,-0.000248267
3,-0.00024777
3,-0.000253256
3,-0.00025275
3,-0.000252244
3,-0.00025174
3,-0.000251236
3,-0.000256715
3,-0.000256202
3,-0.000255689
3,-0.000249197
3,-0.000248698
3,-0.000248201
3,-0.000253686
3,-0.00025916
3,-0.000258642
3,-0.000258124
3,-0.000257608
3,-0.000257093
3,-0.00026256
3,-0.000262035
3,-0.000261511
3,-0.000260988
3,-0.000260466
3,-0.000259945
3,-0.000259425
3,-0.000264888
3,-0.000264358
3,-0.000263829
3,-0.000263302
3,-0.000262775
3,-0.000262249
3,-0.000261725
3,-0.000261202
3,-0.000266661
3,-0.000260146
3,-0.000265607
3,-0.000265076
3,-0.000264546
3,-0.000264016
3,-0.000263488
3,-0.000268943
3,-0.000262424
3,-0.00026788
3,-0.000267344
3,-0.00026681
3,-0.000266276
3,-0.000265744
3,-0.000265212
3,-0.0002587
3,-0.000258183
3,-0.000257666
3,-0.000263133
3,-0.000262606
3,-0.000262081
3,-0.000261557
3,-0.000267015
3,-0.000266481
3,-0.000265948
3,-0.000265416
3,-0.000258904
3,-0.000258386
3,-0.000263851
3,-0.000263323
3,-0.000262797
3,-0.000262271
3,-0.000267728
3,-0.000267192
3,-0.000278621
3,-0.000284045
3,-0.000283477
3,-0.00028291
3,-0.000288326
3,-0.000287749
3,-0.000293155
3,-0.000292569
3,-0.000291984
3,-0.0002914
3,-0.000296798
3,-0.000296205
3,-0.000295612
3,-0.000295021
3,-0.000294431
3,-0.000293842
3,-0.000293254
3,-0.000292668
3,-0.000292083
3,-0.000291498
3,-0.000296897
3,-0.000296303
3,-0.00029571
3,-0.000295119
3,-0.00030051
3,-0.000299909
3,-0.000299309
3,-0.000298711
3,-0.000292132
3,-0.000285566
3,-0.000284995
3,-0.000290407
3,-0.000295807
3,-0.000301197
3,-0.000300595
3,-0.000299993
3,-0.000293412
3,-0.000298807
3,-0.000298209
3,-0.000303594
3,-0.000302987
3,-0.000302381
3,-0.000301776
3,-0.000301173
3,-0.00030057
3,-0.000299969
3,-0.000299369
3,-0.00029877
3,-0.000298173
3,-0.000297577
3,-0.000291
3,-0.000290418
3,-0.000295819
3,-0.000295227
3,-0.000294636
3,-0.000294047
3,-0.000293459
3,-0.000298854
3,-0.000298256
3,-0.000297659
3,-0.000297064
3,-0.000290488
3,-0.000289908
3,-0.000289328
3,-0.000288749
3,-0.000288172
3,-0.000293577
3,-0.000292989
3,-0.000286422
3,-0.000291831
3,-0.000285266
3,-0.000278714
3,-0.000284138
3,-0.000283569
3,-0.000283002
3,-0.000234585
3,-0.000180282
3,-0.000191885
3,-0.000197482
3,-0.000197087
3,-0.000202675
3,-0.000196288
3,-0.000207858
3,-0.000255294
3,-0.000200951
3,-0.00020653
3,-0.00025995
3,-0.00025943
3,-0.000234985
3,-0.000216571
3,-0.000210157
3,-0.000215718
3,-0.000245194
3,-0.000244703
3,-0.000250195
3,-0.000249695
3,-0.000255177
3,-0.000248685
3,-0.000242206
3,-0.000241722
3,-0.000259183
3,-0.000246701
3,-0.000180412
3,-0.000114255
3,-0.000137953
3,-0.000155621
3,-0.00015531
3,-0.000166962
3,-0.00017261
3,-0.000172264
3,-0.00017192
3,-0.000171576
3,-0.000177214
3,-0.00017686
3,-0.000164543
3,-0.000158233
3,-0.000163898
3,-0.00016357
3,-0.000163243
3,-0.000162916
3,-0.000162591
3,-0.000162265
3,-0.000161941
3,-0.000161617
3,-0.000161294
3,-0.000202841
3,-0.000214398
3,-0.00021397
3,-0.00020756
3,-0.000177238
3,-0.000176883
3,-0.000140641
3,-0.000146341
3,-0.000158011
3,-0.000163677
3,-0.000157368
3,-0.000151072
4,-0.000120862
4,-0.000120621
4,-0.000114398
4,-0.000114169
4,-0.000101978
4,-5.39E-05
4,-7.77E-05
4,-8.95E-05
4,-8.34E-05
4,-0.000101165
4,-0.000136851
4,-0.000160503
4,-0.000166164
4,-0.000165831
4,-0.000171481
4,-0.000159175
4,-0.000176801
4,-0.000188411
4,-0.000194015
4,-0.000187646
4,-0.000127456
4,-7.93E-05
4,-7.32E-05
4,-7.31E-05
4,-6.69E-05
4,-6.68E-05
4,-6.67E-05
4,-6.06E-05
4,-6.64E-05
4,-7.23E-05
4,-7.81E-05
4,-7.20E-05
4,-8.38E-05
4,-0.000125483
4,-0.000125232
4,-0.000119
4,-0.000118762
4,-0.000118524
4,-0.000124269
4,-0.000130002
4,-0.000129742
4,-0.000129482
4,-0.000129223
4,-0.000134946
4,-0.000140658
4,-0.000140377
4,-0.000146077
4,-0.000151767
4,-0.000193333
4,-0.000198928
4,-0.00019853
4,-0.000198133
4,-0.000197737
4,-0.000197341
4,-0.000196947
4,-0.000202534
4,-0.000202129
4,-0.000201725
4,-0.00019534
4,-0.000200931
4,-0.00020651
4,-0.000206097
4,-0.000205685
4,-0.000217237
4,-0.000216802
4,-0.000216368
4,-0.000215936
4,-0.000221485
4,-0.000221042
4,-0.000226582
4,-0.00023211
4,-0.000231646
4,-0.000231182
4,-0.00023072
4,-0.000224277
4,-0.00022981
4,-0.00022935
4,-0.000228892
4,-0.000228434
4,-0.000221996
4,-0.000221552
4,-0.000221109
4,-0.000232629
4,-0.000232164
4,-0.0002317
4,-0.000231236
4,-0.000236755
4,-0.000236282
4,-0.000235809
4,-0.000235338
4,-0.000228885
4,-0.000258335
4,-0.000257818
4,-0.000263284
4,-0.000262757
4,-0.000262232
4,-0.000291615
4,-0.000291031
4,-0.000290449
4,-0.000289869
4,-0.000289289
4,-0.00028871
4,-0.000288133
4,-0.000287557
4,-0.000292963
4,-0.000292377
4,-0.000291792
4,-0.000291209
4,-0.000290626
4,-0.000284063
4,-0.000283495
4,-0.000282928
4,-0.000282363
4,-0.000287779
4,-0.000287204
4,-0.000286629
4,-0.000286056
4,-0.000285484
4,-0.000290894
4,-0.000290313
4,-0.000289732
4,-0.000289152
4,-0.000306519
4,-0.000305905
4,-0.000311275
4,-0.000316634
4,-0.000310019
4,-0.000303418
4,-0.000308792
4,-0.000314156
4,-0.000319509
4,-0.000282982
4,-0.000288397
4,-0.00028782
4,-0.000287245
4,-0.000280689
4,-0.000280127
4,-0.000273586
4,-0.000273039
4,-0.000272493
4,-0.000277929
4,-0.000271392
4,-0.000270849
4,-0.00028227
4,-0.000281706
4,-0.000281142
4,-0.000286561
4,-0.000285988
4,-0.000285416
4,-0.000284845
4,-0.000278294
4,-0.000277738
4,-0.000271201
4,-0.000270658
4,-0.000270117
4,-0.000269577
4,-0.000263056
4,-0.00026253
4,-0.000256024
4,-0.000255512
4,-0.000255
4,-0.00025449
4,-0.000253982
4,-0.000253474
4,-0.000252967
4,-0.000252461
4,-0.000257937
4,-0.00025144
4,-0.000256918
4,-0.000256405
4,-0.000261873
4,-0.000267331
4,-0.000272778
4,-0.000272232
4,-0.000271688
4,-0.000277126
4,-0.000276572
4,-0.000276018
4,-0.000275466
4,-0.000274915
4,-0.000274366
4,-0.000279798
4,-0.000267276
4,-0.000266741
4,-0.000266208
4,-0.000259694
4,-0.000265156
4,-0.000270607
4,-0.000270066
4,-0.000269526
4,-0.000268987
4,-0.00027443
4,-0.000273881
4,-0.000273334
4,-0.000272787
4,-0.000278223
4,-0.000277666
4,-0.000277111
4,-0.000276557
4,-0.000276004
4,-0.000281433
4,-0.00028087
4,-0.00028629
4,-0.000279736
4,-0.000273195
4,-0.000272649
4,-0.000278085
4,-0.000271547
4,-0.000276985
4,-0.00027045
4,-0.000263928
4,-0.000257418
4,-0.000250922
4,-0.00025042
4,-0.000243938
4,-0.000249432
4,-0.000248933
4,-0.000248435
4,-0.000247938
4,-0.000247442
4,-0.000246947
4,-0.000246453
4,-0.000239979
4,-0.000239499
4,-0.00023902
4,-0.000238542
4,-0.000238065
4,-0.000237589
4,-0.000237114
4,-0.000236639
4,-0.000236166
4,-0.000235694
4,-0.000235222
4,-0.000234752
4,-0.000234282
4,-0.000239795
4,-0.000233334
4,-0.000238849
4,-0.000238371
4,-0.000237895
4,-0.000237419
4,-0.000236944
4,-0.00023647
4,-0.000230016
4,-0.000223574
4,-0.000217146
4,-0.000216711
4,-0.000216278
4,-0.000215845
4,-0.000215414
4,-0.000214983
4,-0.000208571
4,-0.000208154
4,-0.000207738
4,-0.000207322
4,-0.000206908
4,-0.000206494
4,-0.0002001
4,-0.000205681
4,-0.000205269
4,-0.000198877
4,-0.000192498
4,-0.000198095
4,-0.000191717
4,-0.000185352
4,-0.000184982
4,-0.000190593
4,-0.00018423
4,-0.000183862
4,-0.000177513
4,-0.000177158
4,-0.000182785
4,-0.000182419
4,-0.000182054
4,-0.000175709
4,-0.000175357
4,-0.000175007
4,-0.000180638
4,-0.000180277
4,-0.000185898
4,-0.000185526
4,-0.000185155
4,-0.000184785
4,-0.000184415
4,-0.000184046
4,-0.000183678
4,-0.000183311
4,-0.000182944
4,-0.000182578
4,-0.000188195
4,-0.000187818
4,-0.000187443
4,-0.000187068
4,-0.000186694
4,-0.000180339
4,-0.000179978
4,-0.000179618
4,-0.000179259
4,-0.0001789
4,-0.000184524
4,-0.000190136
4,-0.000183775
4,-0.000189389
4,-0.000194991
4,-0.000194601
4,-0.000188231
4,-0.000187854
4,-0.000181497
4,-0.000181134
4,-0.000180772
4,-0.000186392
4,-0.000186019
4,-0.000179665
4,-0.000185287
4,-0.000190898
4,-0.000190517
4,-0.000190135
4,-0.000189755
4,-0.000195357
4,-0.000194966
4,-0.000194576
4,-0.000200169
4,-0.00020575
4,-0.00021132
4,-0.000210897
4,-0.000210475
4,-0.000210054
4,-0.000215616
4,-0.000215185
4,-0.000214754
4,-0.000220306
4,-0.000219866
4,-0.000225407
4,-0.000218975
4,-0.000224518
4,-0.000230051
4,-0.000223609
4,-0.000223162
4,-0.000228697
4,-0.00022824
4,-0.000233765
4,-0.000239279
4,-0.0002388
4,-0.000238323
4,-0.000243827
4,-0.000249321
4,-0.000248822
4,-0.000248325
4,-0.000247828
4,-0.000247333
4,-0.000246838
4,-0.000246344
4,-0.000245852
4,-0.000239378
4,-0.0002389
4,-0.000238422
4,-0.000237945
4,-0.000243451
4,-0.000248945
4,-0.000254429
4,-0.00025392
4,-0.000253412
4,-0.000258887
4,-0.000258369
4,-0.000257852
4,-0.000257336
4,-0.000256822
4,-0.000256308
4,-0.000255795
4,-0.000261265
4,-0.000260743
4,-0.000266203
4,-0.00026567
4,-0.00027112
4,-0.00027656
4,-0.000276006
4,-0.000281436
4,-0.000286854
4,-0.000292262
4,-0.000285696
4,-0.000291106
4,-0.000284543
4,-0.000283974
4,-0.000289387
4,-0.000288808
4,-0.000288231
4,-0.000293636
4,-0.000293048
4,-0.000292462
4,-0.000291877
4,-0.000297275
4,-0.000302662
4,-0.000302057
4,-0.000301453
4,-0.00030085
4,-0.000300248
4,-0.000305629
4,-0.000305018
4,-0.000298426
4,-0.000297829
4,-0.000297234
4,-0.000296639
4,-0.000302027
4,-0.000307405
4,-0.00030679
4,-0.000300195
4,-0.000299594
4,-0.000298995
4,-0.000298397
4,-0.000303782
4,-0.000303174
4,-0.000302568
4,-0.000307944
4,-0.00031331
4,-0.000312683
4,-0.000312058
4,-0.000311434
4,-0.000310811
4,-0.000310189
4,-0.000309569
4,-0.00030895
4,-0.000314313
4,-0.000313685
4,-0.000307076
4,-0.000312443
4,-0.000311818
4,-0.000311195
4,-0.000316554
4,-0.000315921
4,-0.00032127
4,-0.000320628
4,-0.000319986
4,-0.000319346
4,-0.000324689
4,-0.000330021
4,-0.000329361
4,-0.000334684
4,-0.000334015
4,-0.000333347
4,-0.000338661
4,-0.000337984
4,-0.000337308
4,-0.000336633
4,-0.00033596
4,-0.000335288
4,-0.000340599
4,-0.000345899
4,-0.000345208
4,-0.000338536
4,-0.00034384
4,-0.000349134
4,-0.000354417
4,-0.000353708
4,-0.000353001
4,-0.000352295
4,-0.00035159
4,-0.000344906
4,-0.000344216
4,-0.000343527
4,-0.00034284
4,-0.000342155
4,-0.00034147
4,-0.000346769
4,-0.000346075
4,-0.000345383
4,-0.000350674
4,-0.000343991
4,-0.000349284
4,-0.000348586
4,-0.000347889
4,-0.000347193
4,-0.000346498
4,-0.000345805
4,-0.000351095
4,-0.000350393
4,-0.000349692
4,-0.000348993
4,-0.000342314
4,-0.00034761
4,-0.000346915
4,-0.000352203
4,-0.000351498
4,-0.000350795
4,-0.000350094
4,-0.000349394
4,-0.000354676
4,-0.000359948
4,-0.00036521
4,-0.000370461
4,-0.00036972
4,-0.000374962
4,-0.000374212
4,-0.000379445
4,-0.000384668
4,-0.000383898
4,-0.00038313
4,-0.000388346
4,-0.00039355
4,-0.000392763
4,-0.000391978
4,-0.000391194
5,-0.000390411
5,-0.000395612
5,-0.000400802
5,-0.000400001
5,-0.000405182
5,-0.000404372
5,-0.000403563
5,-0.000402756
5,-0.00040195
5,-0.000407128
5,-0.000406314
5,-0.000405501
5,-0.00040469
5,-0.000403881
5,-0.000403073
5,-0.000408248
5,-0.000413413
5,-0.000412586
5,-0.000411761
5,-0.000410938
5,-0.000410116
5,-0.000415277
5,-0.000426409
5,-0.000425556
5,-0.000424705
5,-0.000423856
5,-0.00042899
5,-0.000434113
5,-0.000433245
5,-0.00043836
5,-0.000443465
5,-0.000448559
5,-0.000453643
5,-0.000452736
5,-0.000451831
5,-0.000450927
5,-0.000444044
5,-0.000443156
5,-0.000442269
5,-0.000447366
5,-0.000446472
5,-0.00045156
5,-0.000450657
5,-0.000449756
5,-0.000448856
5,-0.000447958
5,-0.000447062
5,-0.000446168
5,-0.000451257
5,-0.000450355
5,-0.000449454
5,-0.000448555
5,-0.00045364
5,-0.000458714
5,-0.000463778
5,-0.000468832
5,-0.000467894
5,-0.00047294
5,-0.000471994
5,-0.00047105
5,-0.000470108
5,-0.000475149
5,-0.000474199
5,-0.00047325
5,-0.000472304
5,-0.000471359
5,-0.000470416
5,-0.000475457
5,-0.000480488
5,-0.000473545
5,-0.000472598
5,-0.000477634
5,-0.000482661
5,-0.000481695
5,-0.000480732
5,-0.000485752
5,-0.000490762
5,-0.000483799
5,-0.000482831
5,-0.000481865
5,-0.000486883
5,-0.000491891
5,-0.000496889
5,-0.000495895
5,-0.000500884
5,-0.000499883
5,-0.000498883
5,-0.000503867
5,-0.000496877
5,-0.000495884
5,-0.000500873
5,-0.000499872
5,-0.000498872
5,-0.000497874
5,-0.000496878
5,-0.000495885
5,-0.000500874
5,-0.000505854
5,-0.000504842
5,-0.000503833
5,-0.000508806
5,-0.000507789
5,-0.000506773
5,-0.00050576
5,-0.00051073
5,-0.000509708
5,-0.000508689
5,-0.000507671
5,-0.000512637
5,-0.000511612
5,-0.00051657
5,-0.000515537
5,-0.000514506
5,-0.000519459
5,-0.000512438
5,-0.000511413
5,-0.00051039
5,-0.000503388
5,-0.000502381
5,-0.000507358
5,-0.000512325
5,-0.000505319
5,-0.000504308
5,-0.0005033
5,-0.000502293
5,-0.000501288
5,-0.000500286
5,-0.000499285
5,-0.000504268
5,-0.00050326
5,-0.000502253
5,-0.000495267
5,-0.000500258
5,-0.000499257
5,-0.000498259
5,-0.000497262
5,-0.000496268
5,-0.000495275
5,-0.000500266
5,-0.000499266
5,-0.000498267
5,-0.000503252
5,-0.000496264
5,-0.000501253
5,-0.000506232
5,-0.00050522
5,-0.000510191
5,-0.00050917
5,-0.000508152
5,-0.000507136
5,-0.000512103
5,-0.000511079
5,-0.000510056
5,-0.000509036
5,-0.000508018
5,-0.000507002
5,-0.000517951
5,-0.000516915
5,-0.000515881
5,-0.000520831
5,-0.000519789
5,-0.00051875
5,-0.000517712
5,-0.000522658
5,-0.000527594
5,-0.000532521
5,-0.000531456
5,-0.000530393
5,-0.000529332
5,-0.000534255
5,-0.000539168
5,-0.000544071
5,-0.000537001
5,-0.000541909
5,-0.000540825
5,-0.000539743
5,-0.000538664
5,-0.000543568
5,-0.000542481
5,-0.000541396
5,-0.000546294
5,-0.000545202
5,-0.000544111
5,-0.000549005
5,-0.000547907
5,-0.000546811
5,-0.000545717
5,-0.000544626
5,-0.000549518
5,-0.000548419
5,-0.000553303
5,-0.000552197
5,-0.000551092
5,-0.00054999
5,-0.00054889
5,-0.000547792
5,-0.000546697
5,-0.000545603
5,-0.000544512
5,-0.000549405
5,-0.000548306
5,-0.000553191
5,-0.000540121
5,-0.000539041
5,-0.000543945
5,-0.000542857
5,-0.000541771
5,-0.000540687
5,-0.000539606
5,-0.000538527
5,-0.000531468
5,-0.000530405
5,-0.000529345
5,-0.000528286
5,-0.000527229
5,-0.000526175
5,-0.000531104
5,-0.000530042
5,-0.000534963
5,-0.000533893
5,-0.000532825
5,-0.000537741
5,-0.000536666
5,-0.000535592
5,-0.000540503
5,-0.000545403
5,-0.000544312
5,-0.000549205
5,-0.000548107
5,-0.00054701
5,-0.000551898
5,-0.000550794
5,-0.000549693
5,-0.000548593
5,-0.000553477
5,-0.00055237
5,-0.000551266
5,-0.000544182
5,-0.000543093
5,-0.000542007
5,-0.000540923
5,-0.000539841
5,-0.000544743
5,-0.000543654
5,-0.000542566
5,-0.000541481
5,-0.000540398
5,-0.000533336
5,-0.000532269
5,-0.000537186
5,-0.000542093
5,-0.000546991
5,-0.000545897
5,-0.000538823
5,-0.000543727
5,-0.000548621
5,-0.000541542
5,-0.000540459
5,-0.000539378
5,-0.000532318
5,-0.000537235
5,-0.000536161
5,-0.000535088
5,-0.000534018
5,-0.00053295
5,-0.000525903
5,-0.000524851
5,-0.000523801
5,-0.000522754
5,-0.000521708
5,-0.000526646
5,-0.000519611
5,-0.000506609
5,-0.000511577
5,-0.000462703
5,-0.000509629
5,-0.000514591
5,-0.000519543
5,-0.000506541
5,-0.000517491
5,-0.000570289
5,-0.000563167
5,-0.000568022
5,-0.000560905
5,-0.000553802
5,-0.00053475
5,-0.000551624
5,-0.000550521
5,-0.000561383
5,-0.000554279
5,-0.000559152
5,-0.000569996
5,-0.000562875
5,-0.000567731
5,-0.000566595
5,-0.000565462
5,-0.000576294
5,-0.000521308
5,-0.000562136
5,-0.000561012
5,-0.000553908
5,-0.000564763
5,-0.000569615
5,-0.000574457
5,-0.000573308
5,-0.000572162
5,-0.000565036
5,-0.000587832
5,-0.000586656
5,-0.000579501
5,-0.000578342
5,-0.000571204
5,-0.000570062
5,-0.000568922
5,-0.000573765
5,-0.000572618
5,-0.000571472
5,-0.000570329
5,-0.000569189
5,-0.00056805
5,-0.000572896
5,-0.00057175
5,-0.000570606
5,-0.000569465
5,-0.000538419
5,-0.000573231
5,-0.000578066
5,-0.00057691
5,-0.000587719
5,-0.000586543
5,-0.00058537
5,-0.000578218
5,-0.000577062
5,-0.000581889
5,-0.000568762
5,-0.000621458
5,-0.000614233
5,-0.000607024
5,-0.000599828
5,-0.000544795
5,-0.00056165
5,-0.000566508
5,-0.000535468
5,-0.000552341
5,-0.000551237
5,-0.00053219
5,-0.000572996
5,-0.00057185
5,-0.000570706
5,-0.000563583
5,-0.000550493
5,-0.000591262
5,-0.000584098
5,-0.000600874
5,-0.000605654
5,-0.000598461
5,-0.000603246
5,-0.000602039
5,-0.00061878
5,-0.000623524
5,-0.000580406
5,-0.000579246
5,-0.000572106
5,-0.000576943
5,-0.000587752
5,-0.000598539
5,-0.000603324
5,-0.000602117
5,-0.000600913
5,-0.000599711
5,-0.000604493
5,-0.000603284
5,-0.000602077
5,-0.000600873
5,-0.000599671
5,-0.000592491
5,-0.000591306
5,-0.000584142
5,-0.000582973
5,-0.00059377
5,-0.000592583
5,-0.000591398
5,-0.000590215
5,-0.000589034
5,-0.000587856
5,-0.000592662
5,-0.000591477
5,-0.000596275
5,-0.000595083
5,-0.000593892
5,-0.000592705
5,-0.000591519
5,-0.000584355
5,-0.000583186
5,-0.00058202
5,-0.000580856
5,-0.000573713
5,-0.000566584
5,-0.000559469
5,-0.00055835
5,-0.000563215
5,-0.000574051
5,-0.000578885
5,-0.000583708
5,-0.000588522
5,-0.000587345
5,-0.000592152
5,-0.000590968
5,-0.000589786
5,-0.000594588
5,-0.000593399
5,-0.00058623
5,-0.000585058
5,-0.000583888
5,-0.00058272
5,-0.000581554
5,-0.000580391
5,-0.000573249
5,-0.000578084
5,-0.000618798
5,-0.000611579
5,-0.000604374
5,-0.000615129
5,-0.000613898
5,-0.000624633
5,-0.000671236
5,-0.000675875
5,-0.000674523
5,-0.000673174
5,-0.000677809
5,-0.000670472
5,-0.000669131
5,-0.000667793
5,-0.000666457
5,-0.000665124
5,-0.000663794
5,-0.000662466
5,-0.000661141
5,-0.000659819
5,-0.0006585
5,-0.000657183
5,-0.00066185
5,-0.000660526
5,-0.000659205
5,-0.000663868
5,-0.000668522
5,-0.000667185
5,-0.00066585
5,-0.000658537
5,-0.00065722
5,-0.000655906
5,-0.000654594
5,-0.000659266
5,-0.000651966
5,-0.000650662
5,-0.000649361
5,-0.000654043
5,-0.000652735
5,-0.00065143
5,-0.000650127
5,-0.000654808
5,-0.000653499
5,-0.000652192
5,-0.000650887
5,-0.000649585
5,-0.000642305
5,-0.00064102
5,-0.000633757
5,-0.000632489
5,-0.000631224
5,-0.000635943
5,-0.000634671
5,-0.000633402
5,-0.000626154
5,-0.000624901
5,-0.00061767
5,-0.000616435
5,-0.000615202
5,-0.00060799
5,-0.000606774
5,-0.000605561
5,-0.000598368
5,-0.000597171
5,-0.000589996
5,-0.000588816
5,-0.000587638
5,-0.000580481
5,-0.00057932
5,-0.00057218
5,-0.000571036
5,-0.000575875
5,-0.000574723
5,-0.000573574
5,-0.000578408
5,-0.000577251
5,-0.000576097
5,-0.000574945
5,-0.000567813
5,-0.000566678
6,-0.000565544
6,-0.000564413
6,-0.000563285
6,-0.000562158
6,-0.000555052
6,-0.000553942
6,-0.000552834
6,-0.000551729
6,-0.000550625
6,-0.000549524
6,-0.000548425
6,-0.000547328
6,-0.000540252
6,-0.000539171
6,-0.000538093
6,-0.000537017
6,-0.000535943
6,-0.000534871
6,-0.000533801
6,-0.000538715
6,-0.000537638
6,-0.000536562
6,-0.000535489
6,-0.000528437
6,-0.000533361
6,-0.000532295
6,-0.00053123
6,-0.000530168
6,-0.000529107
6,-0.00053403
6,-0.000532962
6,-0.000531896
6,-0.000530833
6,-0.000529771
6,-0.000528711
6,-0.000527654
6,-0.000526599
6,-0.000531527
6,-0.000530464
6,-0.000535384
6,-0.000534314
6,-0.000539226
6,-0.000538148
6,-0.000537072
6,-0.000530016
6,-0.000522975
6,-0.000521929
6,-0.000514903
6,-0.000513874
6,-0.000512846
6,-0.00051182
6,-0.000510796
6,-0.000509775
6,-0.000508755
6,-0.000513719
6,-0.000512692
6,-0.000517648
6,-0.000516613
6,-0.000515579
6,-0.000514548
6,-0.000513519
6,-0.000512492
6,-0.000511467
6,-0.000510444
6,-0.000509423
6,-0.000508404
6,-0.000501406
6,-0.000494422
6,-0.000493433
6,-0.000498428
6,-0.000491449
6,-0.000496448
6,-0.000495455
6,-0.000506427
6,-0.000505414
6,-0.000504403
6,-0.000503395
6,-0.000496406
6,-0.000495413
6,-0.000494423
6,-0.000499415
6,-0.000504398
6,-0.000503389
6,-0.000502382
6,-0.000501378
6,-0.000500375
6,-0.000499374
6,-0.000492394
6,-0.000491409
6,-0.000490426
6,-0.000495427
6,-0.000494436
6,-0.000493447
6,-0.000498442
6,-0.000497445
6,-0.000502431
6,-0.000501426
6,-0.000506405
6,-0.000505392
6,-0.000504381
6,-0.000503373
6,-0.000502366
6,-0.000501361
6,-0.000500358
6,-0.000499358
6,-0.000498359
6,-0.000497362
6,-0.00050833
6,-0.000507314
6,-0.000506299
6,-0.000505287
6,-0.000504276
6,-0.000497286
6,-0.000502273
6,-0.000501268
6,-0.000506247
6,-0.000505235
6,-0.000504224
6,-0.000509197
6,-0.000508179
6,-0.000513144
6,-0.000512118
6,-0.000511093
6,-0.000510071
6,-0.00050307
6,-0.000496082
6,-0.00049509
6,-0.0004941
6,-0.000493112
6,-0.000492125
6,-0.000497123
6,-0.000496128
6,-0.000495136
6,-0.000494146
6,-0.000499139
6,-0.000504122
6,-0.000497132
6,-0.000490157
6,-0.000495158
6,-0.000500149
6,-0.000499149
6,-0.000504132
6,-0.000503124
6,-0.000502117
6,-0.000501113
6,-0.000500111
6,-0.000505092
6,-0.000504082
6,-0.000509055
6,-0.000502056
6,-0.000501051
6,-0.000500049
6,-0.000499049
6,-0.000498051
6,-0.000503037
6,-0.000496049
6,-0.000495057
6,-0.000494067
6,-0.000493079
6,-0.000492093
6,-0.000485127
6,-0.000484157
6,-0.00048917
6,-0.000488191
6,-0.000487215
6,-0.000486241
6,-0.000485268
6,-0.000484298
6,-0.000483329
6,-0.000482362
6,-0.000481398
6,-0.000486416
6,-0.000491425
6,-0.000490442
6,-0.000489461
6,-0.000482501
6,-0.000487517
6,-0.000486542
6,-0.000485569
6,-0.000490579
6,-0.000489598
6,-0.000488619
6,-0.000493623
6,-0.000492636
6,-0.000491651
6,-0.000490667
6,-0.000489686
6,-0.000494688
6,-0.000493699
6,-0.000492711
6,-0.000485745
6,-0.000484773
6,-0.000483803
6,-0.000482836
6,-0.000487852
6,-0.000486876
6,-0.000485902
6,-0.00048493
6,-0.000483961
6,-0.000477011
6,-0.000476057
6,-0.000475105
6,-0.000468173
6,-0.000467237
6,-0.000460321
6,-0.0004594
6,-0.000458482
6,-0.000457565
6,-0.00045665
6,-0.000455736
6,-0.000454825
6,-0.000459897
6,-0.000458977
6,-0.000458059
6,-0.000457143
6,-0.000456228
6,-0.000455316
6,-0.000454405
6,-0.000459478
6,-0.000458559
6,-0.00045166
6,-0.000450757
6,-0.000449856
6,-0.000454937
6,-0.000454027
6,-0.000459101
6,-0.000458183
6,-0.000457266
6,-0.000456352
6,-0.000455439
6,-0.00046051
6,-0.000459589
6,-0.000458669
6,-0.000457752
6,-0.000456837
6,-0.000455923
6,-0.00044903
6,-0.000448132
6,-0.000441254
6,-0.000446353
6,-0.000451442
6,-0.000450539
6,-0.000449638
6,-0.000442757
6,-0.000441871
6,-0.000446969
6,-0.000446075
6,-0.000451164
6,-0.000444281
6,-0.000443392
6,-0.000442505
6,-0.000447602
6,-0.000446707
6,-0.000451795
6,-0.000450891
6,-0.000449989
6,-0.000449089
6,-0.000448191
6,-0.000447295
6,-0.0004464
6,-0.000445507
6,-0.000450598
6,-0.000449697
6,-0.000454779
6,-0.000453869
6,-0.000452961
6,-0.000458037
6,-0.000457121
6,-0.000450225
6,-0.000449325
6,-0.000448426
6,-0.000453511
6,-0.000452603
6,-0.000451698
6,-0.000456776
6,-0.000455863
6,-0.000454951
6,-0.000460023
6,-0.000459103
6,-0.000458184
6,-0.000463249
6,-0.000462323
6,-0.00046738
6,-0.000466445
6,-0.000459531
6,-0.000458612
6,-0.000457694
6,-0.000456779
6,-0.000455865
6,-0.000460935
6,-0.000460013
6,-0.000459093
6,-0.000464156
6,-0.000463228
6,-0.000462302
6,-0.000461377
6,-0.000466436
6,-0.000459521
6,-0.000464584
6,-0.000463655
6,-0.000462727
6,-0.000461802
6,-0.00046686
6,-0.000465926
6,-0.000464994
6,-0.000464064
6,-0.000463136
6,-0.00046221
6,-0.000461285
6,-0.000466344
6,-0.000465412
6,-0.000458499
6,-0.000463564
6,-0.000462637
6,-0.000461711
6,-0.000466769
6,-0.000471817
6,-0.000470874
6,-0.000475913
6,-0.000474962
6,-0.000474012
6,-0.000479045
6,-0.000484068
6,-0.0004831
6,-0.000482134
6,-0.000475188
6,-0.000480219
6,-0.000479259
6,-0.000472319
6,-0.000471374
6,-0.00046445
6,-0.000463521
6,-0.000468576
6,-0.00047362
6,-0.000472673
6,-0.000465746
6,-0.000464814
6,-0.000463885
6,-0.000468939
6,-0.000468001
6,-0.000467065
6,-0.00046613
6,-0.000465198
6,-0.000464268
6,-0.000463339
6,-0.000462413
6,-0.000461488
6,-0.000460565
6,-0.000459644
6,-0.000464706
6,-0.000463776
6,-0.000462849
6,-0.000461923
6,-0.000460999
6,-0.000460077
6,-0.000459157
6,-0.00046422
6,-0.000463292
6,-0.000462365
6,-0.000461441
6,-0.000472481
6,-0.000477517
6,-0.000476562
6,-0.000475609
6,-0.000474658
6,-0.000473708
6,-0.000472761
6,-0.000477797
6,-0.000476841
6,-0.000481869
6,-0.000480905
6,-0.000479943
6,-0.000478984
6,-0.000484007
6,-0.000483039
6,-0.000482073
6,-0.000481109
6,-0.000486128
6,-0.000491137
6,-0.000490155
6,-0.000489175
6,-0.000488196
6,-0.00048722
6,-0.000486245
6,-0.000491254
6,-0.000490272
6,-0.000489291
6,-0.000482331
6,-0.000487348
6,-0.000486373
6,-0.000485401
6,-0.00048443
6,-0.000489442
6,-0.000488464
6,-0.000487487
6,-0.000486512
6,-0.00049152
6,-0.000496519
6,-0.000495525
6,-0.000494534
6,-0.000499527
6,-0.000504509
6,-0.0005035
6,-0.000502493
6,-0.00050747
6,-0.000506455
6,-0.000511423
6,-0.0005104
6,-0.00050938
6,-0.000508361
6,-0.000507344
6,-0.000500348
6,-0.000499347
6,-0.000498349
6,-0.000497352
6,-0.000496357
6,-0.000495364
6,-0.000500355
6,-0.000499354
6,-0.000498356
6,-0.000497359
6,-0.000496364
6,-0.000495372
6,-0.000500362
6,-0.000499362
6,-0.000498363
6,-0.000497366
6,-0.000502353
6,-0.000501348
6,-0.000506327
6,-0.000511296
6,-0.000510273
6,-0.000509253
6,-0.000514215
6,-0.000513187
6,-0.000518142
6,-0.000517106
6,-0.00051009
6,-0.000515051
6,-0.000514021
6,-0.000518975
6,-0.000523918
6,-0.00052287
6,-0.000521825
6,-0.000520781
6,-0.000519739
6,-0.0005187
6,-0.000517663
6,-0.000516627
6,-0.000521575
6,-0.000520532
6,-0.000525473
6,-0.000530403
6,-0.000529342
6,-0.000528284
6,-0.000521246
6,-0.000520203
6,-0.000519163
6,-0.000524106
6,-0.000523058
6,-0.000522012
6,-0.000520968
6,-0.000525907
6,-0.000530837
6,-0.000535756
6,-0.000534685
6,-0.000533616
6,-0.00053853
6,-0.000537453
6,-0.000542359
6,-0.000535293
6,-0.000534223
6,-0.000533154
6,-0.000532088
6,-0.000537005
6,-0.000535931
6,-0.000534859
6,-0.000539771
6,-0.000544673
6,-0.000543583
6,-0.000542496
6,-0.000541411
6,-0.000540328
6,-0.000545229
6,-0.000544139
6,-0.000543051
6,-0.000541964
6,-0.00054088
6,-0.000539799
6,-0.000538719
6,-0.000537642
6,-0.000542548
6,-0.000541463
6,-0.00054038
6,-0.000539299
6,-0.000544202
6,-0.000543114
6,-0.000536046
6,-0.000528992
6,-0.000527934
6,-0.00053286
7,-0.000531794
7,-0.000536712
7,-0.000535639
7,-0.000534567
7,-0.000533498
7,-0.000538413
7,-0.000537336
7,-0.000536261
7,-0.000535189
7,-0.000534118
7,-0.000539031
7,-0.000543935
7,-0.000542847
7,-0.000547743
7,-0.000540666
7,-0.000545566
7,-0.000544475
7,-0.000543386
7,-0.000542299
7,-0.000547196
7,-0.000546102
7,-0.000550991
7,-0.000549889
7,-0.000548789
7,-0.000547691
7,-0.000552577
7,-0.000551472
7,-0.000550369
7,-0.00055525
7,-0.00055414
7,-0.000553031
7,-0.000545944
7,-0.000544852
7,-0.000543762
7,-0.000542675
7,-0.000547571
7,-0.000546476
7,-0.000545383
7,-0.000550273
7,-0.000555154
7,-0.000560025
7,-0.000558905
7,-0.000557788
7,-0.000556672
7,-0.000555559
7,-0.000548466
7,-0.000547369
7,-0.000546274
7,-0.000545182
7,-0.000544091
7,-0.000543003
7,-0.000541917
7,-0.000540833
7,-0.000539752
7,-0.000532691
7,-0.000531625
7,-0.000530562
7,-0.000529501
7,-0.000528442
7,-0.000527385
7,-0.00052633
7,-0.000525278
7,-0.000524227
7,-0.00052916
7,-0.000528102
7,-0.000521064
7,-0.000520022
7,-0.000524964
7,-0.000523914
7,-0.000528847
7,-0.000521808
7,-0.000526746
7,-0.000525692
7,-0.00051866
7,-0.000511641
7,-0.000510618
7,-0.000509596
7,-0.000514559
7,-0.000519511
7,-0.000518472
7,-0.000517435
7,-0.0005164
7,-0.000515367
7,-0.000520318
7,-0.000519277
7,-0.000518239
7,-0.000517202
7,-0.000516168
7,-0.000509154
7,-0.000508136
7,-0.00050712
7,-0.000512087
7,-0.000511063
7,-0.00051004
7,-0.00050902
7,-0.000508002
7,-0.000506986
7,-0.000523917
7,-0.000522869
7,-0.000521823
7,-0.000520779
7,-0.000519738
7,-0.000506736
7,-0.000511703
7,-0.000504699
7,-0.000551541
7,-0.00052053
7,-0.000513508
7,-0.000512481
7,-0.000511456
7,-0.000516415
7,-0.000515382
7,-0.000460518
7,-0.00047156
7,-0.000464635
7,-0.000463706
7,-0.000462779
7,-0.000509705
7,-0.000514667
7,-0.000537563
7,-0.000542469
7,-0.000535403
7,-0.000546295
7,-0.000545202
7,-0.000544112
7,-0.000543024
7,-0.000577826
7,-0.000582652
7,-0.00059345
7,-0.000592263
7,-0.000620986
7,-0.000595818
7,-0.000582663
7,-0.000581498
7,-0.000520521
7,-0.000513498
7,-0.000512471
7,-0.000451632
7,-0.000438766
7,-0.000431907
7,-0.000437024
7,-0.000430169
7,-0.000423327
7,-0.000416499
7,-0.000409684
7,-0.000414846
7,-0.000414017
7,-0.00041917
7,-0.000424313
7,-0.000429446
7,-0.000428587
7,-0.000433711
7,-0.000432844
7,-0.000431978
7,-0.000431114
7,-0.000430252
7,-0.000429392
7,-0.000422551
7,-0.000421706
7,-0.000420863
7,-0.000431984
7,-0.000425139
7,-0.000436251
7,-0.000429397
7,-0.00043452
7,-0.000445614
7,-0.000444723
7,-0.000449815
7,-0.000490785
7,-0.000519711
7,-0.00051269
7,-0.000541572
7,-0.00054647
7,-0.00059921
7,-0.00059203
7,-0.000602809
7,-0.000649455
7,-0.000654138
7,-0.000700681
7,-0.000687317
7,-0.000656035
7,-0.000648741
7,-0.000653425
7,-0.000693988
7,-0.000698582
7,-0.000685222
7,-0.000671889
7,-0.000658582
7,-0.000693153
7,-0.000679804
7,-0.000672463
7,-0.0006771
7,-0.000681727
7,-0.000686345
7,-0.000684972
7,-0.000683602
7,-0.000688216
7,-0.000674877
7,-0.000673527
7,-0.00067218
7,-0.000664855
7,-0.000675488
7,-0.000614322
7,-0.000619075
7,-0.000617837
7,-0.000622583
7,-0.000621338
7,-0.000620095
7,-0.000624836
7,-0.000623586
7,-0.000628321
7,-0.000633046
7,-0.000637761
7,-0.000660411
7,-0.000653109
7,-0.000651803
7,-0.000644518
7,-0.00064921
7,-0.000647912
7,-0.000646616
7,-0.000645323
7,-0.000644032
7,-0.000642744
7,-0.000641458
7,-0.000634194
7,-0.000632926
7,-0.000637641
7,-0.000636366
7,-0.000635093
7,-0.000639804
7,-0.000638525
7,-0.000637248
7,-0.000641955
7,-0.000640671
7,-0.000639389
7,-0.000632129
7,-0.000630865
7,-0.000635585
7,-0.000598425
7,-0.000597228
7,-0.000542201
7,-0.000535135
7,-0.000540046
7,-0.000538966
7,-0.000537888
7,-0.000536812
7,-0.000529757
7,-0.000570568
7,-0.000575408
7,-0.000580239
7,-0.000591041
7,-0.000589859
7,-0.000588679
7,-0.000593483
7,-0.000586315
7,-0.000585142
7,-0.000589953
7,-0.000588773
7,-0.000587596
7,-0.000586421
7,-0.000585248
7,-0.000572115
7,-0.00057097
7,-0.000581791
7,-0.000580628
7,-0.000573485
7,-0.000566357
7,-0.000565224
7,-0.000564093
7,-0.000562965
7,-0.000561839
7,-0.000560716
7,-0.000559594
7,-0.000558475
7,-0.000563339
7,-0.000562213
7,-0.000561088
7,-0.000559966
7,-0.000558846
7,-0.000557729
7,-0.000556613
7,-0.000561481
7,-0.000554377
7,-0.000553268
7,-0.000552162
7,-0.000557039
7,-0.000549943
7,-0.000548843
7,-0.000541764
7,-0.000540681
7,-0.000539599
7,-0.00053852
7,-0.000543425
7,-0.000578226
7,-0.000583051
7,-0.000581885
7,-0.00057474
7,-0.000567609
7,-0.000566474
7,-0.000559359
7,-0.000558241
7,-0.000563106
7,-0.00056198
7,-0.000560856
7,-0.000565715
7,-0.000558602
7,-0.000557485
7,-0.000550389
7,-0.000549288
7,-0.000548189
7,-0.000547093
7,-0.000545999
7,-0.000544907
7,-0.000543817
7,-0.000542729
7,-0.000547625
7,-0.000540549
7,-0.000539468
7,-0.000538389
7,-0.00053133
7,-0.000530268
7,-0.000523226
7,-0.000528161
7,-0.000521123
7,-0.000526062
7,-0.00052501
7,-0.000517979
7,-0.000516943
7,-0.000515909
7,-0.000514877
7,-0.000513847
7,-0.00051282
7,-0.000511794
7,-0.000504789
7,-0.000497798
7,-0.000502784
7,-0.000501778
7,-0.000500775
7,-0.000499773
7,-0.000498773
7,-0.000491794
7,-0.000490811
7,-0.000489829
7,-0.00048885
7,-0.000487872
7,-0.000486896
7,-0.000485922
7,-0.000484951
7,-0.000483981
7,-0.000483013
7,-0.000488028
7,-0.000487052
7,-0.000486078
7,-0.000479124
7,-0.000478166
7,-0.000471228
7,-0.000470286
7,-0.000463364
7,-0.000456456
7,-0.000455543
7,-0.000454632
7,-0.000447741
7,-0.000446845
7,-0.00043997
7,-0.00043909
7,-0.000438212
7,-0.000437336
7,-0.000436461
7,-0.000429607
7,-0.000422766
7,-0.000415939
7,-0.000415107
7,-0.000408296
7,-0.000407479
7,-0.000406664
7,-0.000405851
7,-0.000405039
7,-0.000404229
7,-0.000409402
7,-0.000402602
7,-0.000395815
7,-0.000389042
7,-0.000388264
7,-0.000387487
7,-0.000386712
7,-0.000385939
7,-0.000385167
7,-0.000384397
7,-0.000383628
7,-0.000382861
7,-0.000382095
7,-0.000381331
7,-0.000380568
7,-0.000379807
7,-0.000379047
7,-0.000378289
7,-0.000377533
7,-0.000370796
7,-0.000364073
7,-0.000369326
7,-0.000362606
7,-0.000361881
7,-0.000361157
7,-0.000360435
7,-0.000347751
7,-0.000341074
7,-0.000334411
7,-0.000339723
7,-0.000339044
7,-0.000338366
7,-0.000337689
7,-0.000337014
7,-0.000330358
7,-0.000329698
7,-0.00033502
7,-0.000328368
7,-0.000327711
7,-0.000327056
7,-0.000326402
7,-0.000325749
7,-0.000325098
7,-0.000330429
7,-0.000323786
7,-0.00032912
7,-0.000328462
7,-0.000321824
7,-0.00032118
7,-0.000320538
7,-0.000313915
7,-0.000313287
7,-0.000306679
7,-0.000306066
7,-0.000305454
7,-0.000304843
7,-0.000304233
7,-0.000303625
7,-0.000303018
7,-0.000302412
7,-0.000301807
7,-0.000295222
7,-0.000294631
7,-0.000294042
7,-0.000293454
7,-0.000292867
7,-0.0002863
7,-0.000285727
7,-0.000285156
7,-0.000284585
7,-0.000284016
7,-0.000283448
7,-0.000282881
7,-0.000282316
7,-0.000281751
7,-0.000281187
7,-0.000274644
7,-0.000274094
7,-0.000279528
7,-0.00028495
7,-0.00028438
7,-0.000283811
7,-0.000283244
7,-0.000288659
7,-0.000288081
7,-0.000287505
7,-0.00028693
7,-0.000292338
7,-0.000291753
7,-0.000297151
7,-0.000296557
7,-0.000289982
7,-0.000283421
7,-0.000282854
7,-0.000282288
7,-0.000281724
7,-0.00028116
7,-0.000274616
7,-0.000274067
7,-0.0002795
7,-0.000278941
7,-0.000284365
7,-0.000283796
7,-0.000283229
7,-0.000282662
7,-0.000288078
7,-0.000281521
7,-0.000280958
7,-0.000280396
7,-0.000285816
7,-0.000285245
7,-0.000284674
7,-0.000284105
7,-0.000289518
7,-0.000294921
7,-0.000294331
7,-0.000293742
7,-0.000293155
7,-0.000292568
7,-0.000291983
7,-0.000291399
8,-0.000284835
8,-0.000284265
8,-0.000283697
8,-0.000289111
8,-0.000288533
8,-0.000287956
8,-0.000281398
8,-0.000280835
8,-0.000280274
8,-0.000279713
8,-0.000279154
8,-0.000278595
8,-0.000272057
8,-0.000271513
8,-0.00027097
8,-0.000264446
8,-0.000263917
8,-0.00026339
8,-0.000262863
8,-0.000268318
8,-0.0002618
8,-0.000261277
8,-0.000266736
8,-0.000266202
8,-0.00026567
8,-0.000259157
8,-0.00026462
8,-0.000264091
8,-0.000263563
8,-0.000263036
8,-0.00026251
8,-0.000267966
8,-0.00026743
8,-0.000266895
8,-0.00026038
8,-0.000259859
8,-0.000253358
8,-0.000252851
8,-0.000252346
8,-0.000245859
8,-0.000245368
8,-0.000244877
8,-0.000244387
8,-0.000243898
8,-0.000243411
8,-0.000242924
8,-0.000242438
8,-0.000241953
8,-0.000247451
8,-0.000252937
8,-0.000258413
8,-0.000257896
8,-0.000263362
8,-0.000262835
8,-0.000262309
8,-0.000261785
8,-0.000261261
8,-0.000260739
8,-0.000266198
8,-0.000271648
8,-0.000271104
8,-0.000270562
8,-0.000270021
8,-0.000275462
8,-0.000280893
8,-0.000280331
8,-0.00027977
8,-0.000285192
8,-0.000290603
8,-0.000290022
8,-0.000289442
8,-0.000288863
8,-0.000294267
8,-0.000287697
8,-0.000287122
8,-0.000286547
8,-0.000291956
8,-0.000291372
8,-0.000290789
8,-0.000290207
8,-0.000295608
8,-0.000295017
8,-0.000294427
8,-0.000293838
8,-0.000299232
8,-0.000298634
8,-0.000298036
8,-0.00029744
8,-0.000296845
8,-0.000296252
8,-0.000295659
8,-0.000295068
8,-0.000294478
8,-0.000293889
8,-0.000293301
8,-0.000298696
8,-0.000298099
8,-0.000297502
8,-0.000296907
8,-0.000296313
8,-0.000295721
8,-0.000295129
8,-0.000294539
8,-0.000299932
8,-0.00029335
8,-0.000292764
8,-0.000292178
8,-0.000291594
8,-0.00029101
8,-0.00029641
8,-0.000295817
8,-0.000301207
8,-0.000300604
8,-0.000300003
8,-0.000305385
8,-0.000304774
8,-0.000310146
8,-0.000309526
8,-0.000308906
8,-0.00031427
8,-0.000313642
8,-0.000313014
8,-0.000312388
8,-0.000305782
8,-0.00030517
8,-0.00030456
8,-0.000303951
8,-0.000297362
8,-0.000296767
8,-0.000302155
8,-0.000301551
8,-0.000300947
8,-0.000300346
8,-0.000299745
8,-0.000293164
8,-0.000286596
8,-0.000286023
8,-0.000279469
8,-0.000272929
8,-0.000272383
8,-0.000271838
8,-0.000271295
8,-0.000270752
8,-0.000270211
8,-0.000263689
8,-0.000263161
8,-0.000262635
8,-0.00026211
8,-0.000261586
8,-0.000267044
8,-0.00026651
8,-0.000265977
8,-0.000271426
8,-0.000270883
8,-0.000270342
8,-0.000269801
8,-0.000269261
8,-0.000274704
8,-0.000274155
8,-0.000273607
8,-0.000273059
8,-0.000278495
8,-0.000277938
8,-0.000277382
8,-0.000282809
8,-0.000282243
8,-0.000275697
8,-0.000275146
8,-0.000274595
8,-0.000274046
8,-0.000279479
8,-0.000284902
8,-0.000284332
8,-0.000283763
8,-0.000283196
8,-0.000288611
8,-0.000288034
8,-0.000293439
8,-0.000292852
8,-0.000298248
8,-0.000297652
8,-0.000297056
8,-0.000296462
8,-0.000295869
8,-0.000295277
8,-0.000294687
8,-0.000300079
8,-0.00030546
8,-0.000304849
8,-0.000310221
8,-0.000309601
8,-0.000314963
8,-0.000314333
8,-0.000313704
8,-0.000313077
8,-0.000312451
8,-0.000311826
8,-0.000311202
8,-0.000316561
8,-0.000315928
8,-0.000321278
8,-0.000326617
8,-0.000325963
8,-0.000325311
8,-0.000318679
8,-0.000318042
8,-0.000317406
8,-0.000316771
8,-0.000316138
8,-0.000315505
8,-0.000308893
8,-0.000308275
8,-0.000307658
8,-0.000307043
8,-0.000306429
8,-0.000305816
8,-0.000305205
8,-0.000304594
8,-0.000303985
8,-0.000303377
8,-0.000296789
8,-0.000296195
8,-0.000301584
8,-0.000306963
8,-0.000306349
8,-0.000305736
8,-0.000305124
8,-0.000304514
8,-0.000303905
8,-0.000297316
8,-0.000296721
8,-0.000296128
8,-0.000301517
8,-0.000300914
8,-0.000300312
8,-0.000305693
8,-0.000311063
8,-0.000316422
8,-0.00031579
8,-0.000315158
8,-0.000314528
8,-0.000313899
8,-0.000307289
8,-0.000306675
8,-0.000306061
8,-0.000311431
8,-0.000310808
8,-0.000310186
8,-0.000309566
8,-0.000308947
8,-0.000302347
8,-0.000307724
8,-0.00031309
8,-0.000312464
8,-0.000311839
8,-0.000317197
8,-0.000316562
8,-0.000315929
8,-0.000315297
8,-0.000314667
8,-0.000320019
8,-0.000319379
8,-0.00031874
8,-0.000324084
8,-0.000329417
8,-0.000328759
8,-0.000328101
8,-0.000327445
8,-0.00032679
8,-0.000326136
8,-0.000325484
8,-0.000324833
8,-0.000324183
8,-0.000317554
8,-0.000316919
8,-0.000322266
8,-0.000327603
8,-0.000332929
8,-0.000332263
8,-0.00033758
8,-0.000336905
8,-0.000342213
8,-0.00034751
8,-0.000346815
8,-0.000346121
8,-0.000345429
8,-0.000344738
8,-0.00035003
8,-0.000355311
8,-0.000354601
8,-0.000353892
8,-0.000353184
8,-0.000352477
8,-0.000351773
8,-0.000351069
8,-0.000356348
8,-0.000355636
8,-0.000348943
8,-0.000354226
8,-0.000353518
8,-0.000352811
8,-0.000358087
8,-0.000363352
8,-0.000362625
8,-0.0003619
8,-0.000361176
8,-0.000366435
8,-0.000365703
8,-0.000364971
8,-0.000364241
8,-0.000363513
8,-0.000362786
8,-0.000374023
8,-0.000367293
8,-0.000366559
8,-0.000365826
8,-0.000365094
8,-0.000364364
8,-0.000363635
8,-0.000368889
8,-0.000374133
8,-0.000373385
8,-0.000372638
8,-0.000377874
8,-0.000377118
8,-0.000376364
8,-0.000375611
8,-0.00037486
8,-0.000374111
8,-0.000367381
8,-0.000372628
8,-0.000365901
8,-0.000365169
8,-0.000364439
8,-0.000369691
8,-0.000368952
8,-0.000368214
8,-0.000367478
8,-0.000372724
8,-0.000371979
8,-0.000371235
8,-0.000364511
8,-0.000369763
8,-0.000369024
8,-0.000362304
8,-0.00036158
8,-0.000360856
8,-0.000360135
8,-0.000365396
8,-0.000364665
8,-0.000369917
8,-0.000369177
8,-0.00037442
8,-0.000373672
8,-0.000378906
8,-0.000378148
8,-0.000377392
8,-0.000376637
8,-0.000381865
8,-0.000387083
8,-0.00039229
8,-0.000397487
8,-0.000396692
8,-0.000395898
8,-0.000401088
8,-0.000406267
8,-0.000411436
8,-0.000416595
8,-0.000415762
8,-0.00041493
8,-0.0004141
8,-0.000413272
8,-0.000418427
8,-0.00041759
8,-0.000416755
8,-0.000415921
8,-0.00041509
8,-0.000414259
8,-0.000413431
8,-0.000412604
8,-0.00041776
8,-0.000416925
8,-0.000416091
8,-0.00042124
8,-0.000420398
8,-0.000419557
8,-0.000424699
8,-0.00042385
8,-0.000423002
8,-0.000422156
8,-0.000421312
8,-0.000414488
8,-0.000413659
8,-0.000412831
8,-0.000412006
8,-0.000411182
8,-0.000404378
8,-0.000403569
8,-0.000402762
8,-0.000401957
8,-0.000401153
8,-0.000406332
8,-0.000405519
8,-0.00041069
8,-0.000409868
8,-0.00041503
8,-0.0004142
8,-0.000413371
8,-0.000412545
8,-0.00041172
8,-0.000410896
8,-0.000416056
8,-0.000409242
8,-0.000414405
8,-0.000413576
8,-0.000418731
8,-0.000417893
8,-0.000423039
8,-0.000422193
8,-0.00042733
8,-0.000426475
8,-0.000425622
8,-0.000424771
8,-0.000423921
8,-0.000429055
8,-0.000428197
8,-0.000427341
8,-0.000420504
8,-0.000419663
8,-0.000418824
8,-0.000417986
8,-0.00041715
8,-0.000356502
8,-0.000355789
8,-0.000355077
8,-0.000354367
8,-0.000347677
8,-0.000352963
8,-0.000358238
8,-0.000357522
8,-0.000356807
8,-0.000356093
8,-0.000325474
8,-0.000330804
8,-0.000324161
8,-0.000329494
8,-0.000340798
8,-0.000346098
8,-0.000333443
8,-0.000320813
8,-0.000326153
8,-0.000355408
8,-0.000372642
8,-0.000377878
8,-0.000371141
8,-0.000364417
8,-0.000351725
8,-0.000374947
8,-0.000362235
8,-0.000373473
8,-0.000366745
8,-0.000371993
8,-0.000359286
8,-0.000364549
8,-0.000375782
8,-0.000333161
8,-0.000380346
8,-0.000403511
8,-0.000414667
8,-0.000407856
8,-0.000401059
8,-0.000406238
8,-0.000399444
8,-0.000398646
8,-0.000338034
8,-0.000337358
8,-0.000336683
8,-0.000324047
8,-0.000317417
8,-0.000310801
8,-0.000310179
8,-0.000303577
8,-0.000308952
8,-0.000308334
8,-0.000307717
8,-0.000313083
8,-0.000312457
8,-0.000311832
8,-0.00031719
8,-0.000316556
8,-0.000321904
8,-0.000327242
8,-0.000326587
8,-0.000331915
8,-0.00032527
8,-0.000324619
8,-0.00032397
8,-0.000329304
8,-0.000322664
8,-0.000316037
8,-0.000315405
9,-0.000320755
9,-0.000332077
9,-0.000295524
9,-0.000300914
9,-0.000300313
9,-0.000347564
9,-0.000346868
9,-0.000394026
9,-0.000423145
9,-0.000410336
9,-0.00034372
9,-0.000337051
9,-0.00039021
9,-0.000407374
9,-0.000352726
9,-0.000381928
9,-0.000393127
9,-0.000440192
9,-0.000439312
9,-0.000486285
9,-0.000497275
9,-0.000490299
9,-0.000489318
9,-0.000500303
9,-0.000499302
9,-0.000498303
9,-0.000479362
9,-0.000490367
9,-0.000495367
9,-0.000446525
9,-0.000451613
9,-0.00045071
9,-0.00045579
9,-0.00046086
9,-0.000459938
9,-0.000459018
9,-0.000452119
9,-0.000457196
9,-0.000462263
9,-0.000461339
9,-0.000454435
9,-0.000447544
9,-0.000458612
9,-0.000457695
9,-0.000456779
9,-0.000455866
9,-0.000454954
9,-0.000454044
9,-0.000453136
9,-0.00045223
9,-0.000451325
9,-0.000444441
9,-0.000443552
9,-0.000442665
9,-0.00044178
9,-0.000440896
9,-0.000440015
9,-0.000439135
9,-0.000444238
9,-0.000443349
9,-0.000442463
9,-0.000441578
9,-0.000446676
9,-0.000451764
9,-0.000450861
9,-0.000449959
9,-0.00045504
9,-0.000430204
9,-0.000435326
9,-0.000434455
9,-0.000433586
9,-0.0004387
9,-0.000431841
9,-0.000424996
9,-0.000424146
9,-0.000429279
9,-0.000434402
9,-0.000427552
9,-0.000432678
9,-0.000425832
9,-0.000436943
9,-0.000436069
9,-0.000429215
9,-0.000434338
9,-0.000439451
9,-0.000444554
9,-0.000443665
9,-0.000448759
9,-0.000447861
9,-0.000446965
9,-0.000446072
9,-0.000445179
9,-0.000444289
9,-0.0004434
9,-0.000442514
9,-0.000441629
9,-0.000440745
9,-0.000433882
9,-0.000433015
9,-0.00043813
9,-0.000443235
9,-0.00044833
9,-0.000447434
9,-0.00045252
9,-0.000451615
9,-0.000450712
9,-0.00044981
9,-0.000454892
9,-0.000453982
9,-0.000447093
9,-0.000446199
9,-0.000451288
9,-0.000450385
9,-0.000449485
9,-0.000442604
9,-0.000435738
9,-0.000434866
9,-0.000433996
9,-0.000433128
9,-0.000432262
9,-0.000437379
9,-0.000436504
9,-0.000441613
9,-0.000440729
9,-0.000433867
9,-0.000427017
9,-0.000420182
9,-0.000419342
9,-0.000412521
9,-0.000417678
9,-0.000422824
9,-0.00042796
9,-0.000427104
9,-0.00042625
9,-0.000431378
9,-0.000424534
9,-0.000417704
9,-0.000369017
9,-0.00037426
9,-0.000373512
9,-0.000366783
9,-0.000360068
9,-0.000353367
9,-0.00035266
9,-0.000351955
9,-0.000351251
9,-0.000344567
9,-0.000343878
9,-0.00034319
9,-0.000336522
9,-0.000329868
9,-0.000323226
9,-0.00032258
9,-0.000321935
9,-0.000321291
9,-0.000320648
9,-0.000320007
9,-0.000313386
9,-0.000312759
9,-0.000318115
9,-0.000317478
9,-0.000316843
9,-0.000322191
9,-0.000321547
9,-0.000326885
9,-0.000332213
9,-0.000331548
9,-0.000336867
9,-0.000336193
9,-0.000335521
9,-0.00033485
9,-0.000340161
9,-0.000339481
9,-0.000338802
9,-0.000338125
9,-0.000337448
9,-0.000336773
9,-0.0003361
9,-0.000329446
9,-0.000334769
9,-0.000334099
9,-0.000333431
9,-0.000338746
9,-0.00034405
9,-0.00033738
9,-0.000330724
9,-0.000336044
9,-0.000335372
9,-0.000334701
9,-0.000340013
9,-0.000339333
9,-0.000332673
9,-0.000326026
9,-0.000319393
9,-0.000318754
9,-0.000312135
9,-0.000311511
9,-0.000316869
9,-0.000316235
9,-0.000315603
9,-0.000314972
9,-0.000320323
9,-0.000319682
9,-0.000325025
9,-0.000330356
9,-0.000329695
9,-0.000329036
9,-0.000334359
9,-0.00033369
9,-0.000339005
9,-0.000338327
9,-0.00033765
9,-0.000330993
9,-0.00032435
9,-0.000323701
9,-0.000323054
9,-0.000322407
9,-0.000321763
9,-0.000327101
9,-0.000326446
9,-0.000325793
9,-0.000325142
9,-0.000324492
9,-0.000323843
9,-0.000323195
9,-0.000322549
9,-0.000327885
9,-0.000327229
9,-0.000326575
9,-0.000325922
9,-0.00032527
9,-0.000324619
9,-0.00032397
9,-0.000329303
9,-0.000334626
9,-0.000333957
9,-0.000339271
9,-0.000350555
9,-0.000349854
9,-0.000349154
9,-0.000342474
9,-0.000341789
9,-0.000341106
9,-0.000340424
9,-0.000339743
9,-0.000339063
9,-0.000338385
9,-0.00034369
9,-0.000343002
9,-0.000342316
9,-0.000341632
9,-0.000340948
9,-0.000346248
9,-0.000345556
9,-0.000344864
9,-0.000344175
9,-0.000343486
9,-0.000336818
9,-0.000336144
9,-0.000341453
9,-0.000340771
9,-0.000334108
9,-0.000339421
9,-0.000338742
9,-0.000338064
9,-0.00034337
9,-0.000336702
9,-0.000336028
9,-0.000341338
9,-0.000340655
9,-0.000339974
9,-0.000339294
9,-0.000338615
9,-0.000331956
9,-0.000331292
9,-0.00033063
9,-0.000329969
9,-0.000329309
9,-0.000334632
9,-0.000333962
9,-0.000333294
9,-0.000332628
9,-0.000337944
9,-0.000337268
9,-0.000342575
9,-0.000347871
9,-0.000353157
9,-0.000346469
9,-0.000351758
9,-0.000351054
9,-0.000344371
9,-0.000343682
9,-0.000348976
9,-0.000348278
9,-0.000353563
9,-0.000352856
9,-0.00035215
9,-0.000351446
9,-0.000350743
9,-0.000350041
9,-0.000349341
9,-0.000342661
9,-0.000347957
9,-0.000353243
9,-0.000352536
9,-0.000357813
9,-0.000363079
9,-0.000362352
9,-0.000361628
9,-0.000360904
9,-0.000360183
9,-0.000359462
9,-0.000358743
9,-0.000358026
9,-0.00035731
9,-0.000356595
9,-0.000355882
9,-0.00035517
9,-0.00035446
9,-0.000353751
9,-0.000353043
9,-0.000352337
9,-0.000357614
9,-0.00036288
9,-0.000362155
9,-0.00036143
9,-0.000366689
9,-0.000365956
9,-0.000365224
9,-0.000358512
9,-0.000357795
9,-0.000357079
9,-0.000356365
9,-0.000361634
9,-0.00036091
9,-0.00036617
9,-0.000365438
9,-0.000370688
9,-0.000369947
9,-0.000369207
9,-0.000368469
9,-0.000373713
9,-0.000372966
9,-0.00037222
9,-0.000371475
9,-0.000364751
9,-0.000370003
9,-0.000363281
9,-0.000362555
9,-0.00036183
9,-0.000355125
9,-0.000354414
9,-0.000347724
9,-0.000347029
9,-0.000358297
9,-0.000357581
9,-0.000356866
9,-0.000356152
9,-0.00035544
9,-0.000354729
9,-0.000348038
9,-0.000347342
9,-0.000352629
9,-0.000345942
9,-0.00034525
9,-0.000344559
9,-0.000349852
9,-0.000349152
9,-0.000348454
9,-0.000347757
9,-0.000347061
9,-0.000346367
9,-0.000345675
9,-0.000344983
9,-0.000344293
9,-0.000343605
9,-0.000342917
9,-0.000342232
9,-0.000341547
9,-0.000340864
9,-0.000346164
9,-0.000345471
9,-0.000350762
9,-0.000344079
9,-0.000343391
9,-0.000342704
9,-0.000348
9,-0.000347304
9,-0.000346609
9,-0.000345916
9,-0.000339243
9,-0.000338564
9,-0.000343869
9,-0.0003372
9,-0.000336525
9,-0.000329871
9,-0.000335192
9,-0.000334522
9,-0.000333853
9,-0.000333185
9,-0.0003385
9,-0.000343805
9,-0.000343117
9,-0.000336449
9,-0.000341758
9,-0.000341075
9,-0.000346374
9,-0.000351662
9,-0.000356941
9,-0.000356227
9,-0.000355514
9,-0.000354803
9,-0.000354094
9,-0.000347404
9,-0.000346709
9,-0.000346016
9,-0.000345324
9,-0.000344633
9,-0.000343944
9,-0.000349237
9,-0.00035452
9,-0.000359793
9,-0.000359073
9,-0.000358355
9,-0.000357638
9,-0.000356923
9,-0.000356209
9,-0.000355497
9,-0.000354786
9,-0.000354076
9,-0.000353368
9,-0.000352661
9,-0.000357937
9,-0.000357222
9,-0.000356507
9,-0.000361776
9,-0.000361052
9,-0.00036033
9,-0.000359609
9,-0.000370853
9,-0.000376093
9,-0.000381322
9,-0.000380559
9,-0.00038578
9,-0.000385008
9,-0.000384238
9,-0.000389451
9,-0.000394654
9,-0.000393864
9,-0.000393077
9,-0.00039229
9,-0.000385524
9,-0.000384753
9,-0.000383984
9,-0.000383216
9,-0.000388431
9,-0.000387654
9,-0.00039286
9,-0.000392074
9,-0.00039129
9,-0.000384526
9,-0.000389739
9,-0.000394941
9,-0.000394151
9,-0.000393362
9,-0.000398557
9,-0.00039776
9,-0.000402946
9,-0.000408121
9,-0.000407305
9,-0.000406491
9,-0.000411659
9,-0.000410836
9,-0.000410014
9,-0.000409194
9,-0.000408376
9,-0.000401577
9,-0.000400774
9,-0.000405954
9,-0.000405142
9,-0.000404332
9,-0.000397542
9,-0.000396747
9,-0.000401935
9,-0.000401131
9,-0.00040631
9,-0.000405497
9,-0.000404686
9,-0.000403877
9,-0.000403069
9,-0.000396282
9,-0.000395489
9,-0.000394698
9,-0.000393909
9,-0.000393121
9,-0.000392335
9,-0.00039155
9,-0.000396748
9,-0.000395955
10,-0.000389182
10,-0.000388403
10,-0.000387626
10,-0.000386851
10,-0.000386077
10,-0.000391287
10,-0.000390504
10,-0.000389723
10,-0.000388944
10,-0.000388166
10,-0.00038739
10,-0.000386615
10,-0.000385842
10,-0.00038507
10,-0.000390281
10,-0.000389501
10,-0.000388722
10,-0.000387944
10,-0.00039315
10,-0.000392363
10,-0.000391579
10,-0.000390795
10,-0.000390014
10,-0.000395215
10,-0.000400406
10,-0.000405587
10,-0.000404776
10,-0.000397985
10,-0.00040317
10,-0.000402364
10,-0.000401559
10,-0.000406738
10,-0.000405924
10,-0.000411094
10,-0.000410271
10,-0.000409451
10,-0.000408632
10,-0.000407815
10,-0.000412981
10,-0.000412155
10,-0.00041133
10,-0.000410508
10,-0.000409687
10,-0.000414849
10,-0.000414019
10,-0.000413191
10,-0.000412365
10,-0.000417521
10,-0.000422668
10,-0.000421822
10,-0.000420979
10,-0.000420137
10,-0.000413315
10,-0.000412488
10,-0.000405682
10,-0.000404871
10,-0.000404061
10,-0.000403253
10,-0.000396465
10,-0.000395672
10,-0.000400862
10,-0.00040006
10,-0.000405242
10,-0.000404431
10,-0.000403622
10,-0.000402815
10,-0.000407991
10,-0.000407175
10,-0.000412342
10,-0.000411517
10,-0.000410694
10,-0.000409873
10,-0.000409053
10,-0.000408235
10,-0.0004134
10,-0.000412573
10,-0.000405767
10,-0.000404955
10,-0.000404145
10,-0.000403337
10,-0.000396549
10,-0.000395756
10,-0.000394964
10,-0.000394174
10,-0.000393386
10,-0.000392599
10,-0.000391814
10,-0.00039103
10,-0.000390248
10,-0.000389468
10,-0.000388689
10,-0.000387911
10,-0.000393117
10,-0.000392331
10,-0.000397528
10,-0.000396732
10,-0.000395939
10,-0.000389166
10,-0.000382406
10,-0.000381641
10,-0.000380878
10,-0.000386097
10,-0.000379344
10,-0.000372604
10,-0.000371859
10,-0.000371115
10,-0.000370373
10,-0.000375613
10,-0.000374862
10,-0.000380094
10,-0.000385315
10,-0.000390526
10,-0.000383763
10,-0.000382996
10,-0.000388211
10,-0.000393416
10,-0.000392629
10,-0.000391844
10,-0.000397042
10,-0.000396248
10,-0.000389474
10,-0.000388695
10,-0.000387918
10,-0.000387142
10,-0.000392349
10,-0.000391564
10,-0.000390781
10,-0.000395981
10,-0.000395189
10,-0.00040038
10,-0.000393598
10,-0.000392811
10,-0.000392025
10,-0.000391241
10,-0.00039644
10,-0.000389666
10,-0.000388886
10,-0.000388109
10,-0.000387332
10,-0.000386558
10,-0.000385785
10,-0.000385013
10,-0.000378262
10,-0.000377505
10,-0.00037675
10,-0.000375996
10,-0.000375244
10,-0.000380475
10,-0.000379714
10,-0.000378955
10,-0.000378197
10,-0.000371459
10,-0.000370716
10,-0.000375956
10,-0.000375204
10,-0.000374454
10,-0.000373705
10,-0.000372958
10,-0.000372212
10,-0.000371467
10,-0.000370724
10,-0.000369983
10,-0.000369243
10,-0.000368505
10,-0.000367768
10,-0.000361051
10,-0.000360328
10,-0.000359608
10,-0.00036487
10,-0.00036414
10,-0.000357431
10,-0.000356716
10,-0.000356002
10,-0.000349309
10,-0.000354592
10,-0.000353883
10,-0.000353175
10,-0.000352468
10,-0.000345782
10,-0.00034509
10,-0.0003444
10,-0.000343711
10,-0.000343024
10,-0.000348319
10,-0.000347623
10,-0.000346928
10,-0.000346234
10,-0.000345541
10,-0.000350832
10,-0.000356111
10,-0.000361381
10,-0.000360658
10,-0.000359937
10,-0.000359217
10,-0.000358498
10,-0.000357781
10,-0.000351084
10,-0.000350382
10,-0.000349681
10,-0.000348982
10,-0.000360247
10,-0.000359526
10,-0.000358807
10,-0.00035809
10,-0.000351392
10,-0.000350689
10,-0.000344006
10,-0.000343318
10,-0.000342632
10,-0.000347928
10,-0.000341251
10,-0.00034655
10,-0.000351838
10,-0.000351134
10,-0.000356413
10,-0.000361682
10,-0.000360959
10,-0.000360237
10,-0.000359516
10,-0.000364779
10,-0.000364049
10,-0.000363321
10,-0.000356613
10,-0.000361881
10,-0.000361157
10,-0.000354454
10,-0.000365708
10,-0.000364976
10,-0.000364246
10,-0.000369499
10,-0.00036876
10,-0.000368023
10,-0.000367287
10,-0.000372534
10,-0.00037777
10,-0.000382996
10,-0.000388211
10,-0.000387435
10,-0.000392641
10,-0.000391856
10,-0.000385091
10,-0.000390302
10,-0.000395503
10,-0.000394712
10,-0.000399904
10,-0.000399104
10,-0.000398306
10,-0.000403491
10,-0.000402684
10,-0.000401879
10,-0.000401075
10,-0.000400273
10,-0.000399472
10,-0.000404655
10,-0.000403845
10,-0.000409019
10,-0.000414183
10,-0.000419336
10,-0.000418497
10,-0.000411678
10,-0.000410855
10,-0.000404052
10,-0.000409225
10,-0.000408407
10,-0.00040759
10,-0.000412756
10,-0.000411931
10,-0.000411107
10,-0.000410285
10,-0.000409464
10,-0.000408645
10,-0.000407828
10,-0.000407012
10,-0.000406198
10,-0.000411367
10,-0.000422507
10,-0.000427644
10,-0.000438751
10,-0.000431893
10,-0.000425047
10,-0.000424197
10,-0.000357553
10,-0.000386745
10,-0.000409897
10,-0.000427022
10,-0.000420186
10,-0.000419346
10,-0.000418507
10,-0.00041767
10,-0.000416835
10,-0.000469834
10,-0.000468895
10,-0.000450013
10,-0.000449112
10,-0.000502047
10,-0.000507025
10,-0.000511992
10,-0.000522931
10,-0.000527867
10,-0.000532792
10,-0.000525745
10,-0.000530675
10,-0.000535595
10,-0.000546487
10,-0.000539413
10,-0.000544315
10,-0.000531264
10,-0.00052422
10,-0.000523171
10,-0.000534088
10,-0.00053302
10,-0.000537935
10,-0.000542841
10,-0.000541755
10,-0.00053469
10,-0.000473806
10,-0.000472858
10,-0.000471913
10,-0.000470969
10,-0.00048199
10,-0.000522896
10,-0.000527832
10,-0.000526776
10,-0.000525722
10,-0.00051869
10,-0.000523634
10,-0.000528568
10,-0.000575362
10,-0.000574212
10,-0.000579045
10,-0.000559942
10,-0.000546859
10,-0.000539784
10,-0.000550668
10,-0.000543585
10,-0.000536516
10,-0.000541425
10,-0.000564267
10,-0.000551176
10,-0.000550074
10,-0.000537011
10,-0.000541918
10,-0.000534853
10,-0.000539765
10,-0.000514759
10,-0.000507748
10,-0.000500751
10,-0.000487787
10,-0.000486811
10,-0.00045593
10,-0.000449037
10,-0.000448139
10,-0.000453224
10,-0.000458299
10,-0.000457383
10,-0.000462449
10,-0.000503395
10,-0.000496406
10,-0.000495414
10,-0.000494423
10,-0.000487452
10,-0.000516385
10,-0.000515352
10,-0.000514321
10,-0.000513293
10,-0.000524229
10,-0.000529162
10,-0.000528104
10,-0.00053901
10,-0.000585784
10,-0.000584612
10,-0.000583443
10,-0.000582276
10,-0.000587093
10,-0.0005919
10,-0.000590716
10,-0.000589535
10,-0.000594337
10,-0.000587167
10,-0.000585993
10,-0.000584821
10,-0.000583651
10,-0.000582484
10,-0.000587301
10,-0.000586126
10,-0.000584954
10,-0.000583784
10,-0.000588598
10,-0.00058742
10,-0.000580264
10,-0.000579104
10,-0.000577945
10,-0.00057679
10,-0.000545729
10,-0.000544637
10,-0.000543548
10,-0.000536479
10,-0.000535406
10,-0.000534336
10,-0.000533267
10,-0.000526219
10,-0.000525167
10,-0.000524116
10,-0.000523068
10,-0.000522022
10,-0.000520978
10,-0.000525917
10,-0.000524865
10,-0.000523816
10,-0.000522768
10,-0.000563593
10,-0.000562466
10,-0.000561341
10,-0.000560218
10,-0.000559097
10,-0.000557979
10,-0.000550882
10,-0.000555762
10,-0.000524743
10,-0.000523693
10,-0.000522646
10,-0.000521601
10,-0.000520557
10,-0.000525498
10,-0.000524447
10,-0.000523398
10,-0.000528333
10,-0.000527276
10,-0.000532203
10,-0.000531138
10,-0.000536058
10,-0.000534985
10,-0.000527934
10,-0.00053286
10,-0.000525812
10,-0.000530742
10,-0.000529681
10,-0.00052264
10,-0.000527576
10,-0.000526521
10,-0.000525468
10,-0.000530398
10,-0.000529338
10,-0.000528279
10,-0.000527222
10,-0.000532149
10,-0.000531085
10,-0.000536004
10,-0.000540914
10,-0.000539832
10,-0.000544734
10,-0.000543644
10,-0.000548538
10,-0.000547441
10,-0.000546346
10,-0.000551235
10,-0.000550133
10,-0.000555014
10,-0.000553904
10,-0.000552796
10,-0.000551691
10,-0.000550587
10,-0.000555467
10,-0.000560338
10,-0.000559217
10,-0.000558099
10,-0.000562964
10,-0.000561838
10,-0.000548752
10,-0.000535691
10,-0.000498731
10,-0.000503715
10,-0.000508689
10,-0.000507672
10,-0.000518619
10,-0.000517582
10,-0.000516547
10,-0.000515514
10,-0.000526446
10,-0.000525393
10,-0.000524342
10,-0.000523293
10,-0.00053421
10,-0.000533141
10,-0.000532075
10,-0.000531011
10,-0.000529949
10,-0.000528889
10,-0.000527831
10,-0.000526775
10,-0.00051974
10,-0.000518701
10,-0.000511682
10,-0.000510659
10,-0.000509637
10,-0.0005146
10,-0.00051357
10,-0.000512543
10,-0.0005175
10,-0.000516465
10,-0.00050945
11,-0.000508431
11,-0.000507414
11,-0.0005064
11,-0.000511368
11,-0.000510346
11,-0.000509325
11,-0.000508306
11,-0.00050729
11,-0.000506275
11,-0.000499281
11,-0.000498282
11,-0.000497286
11,-0.000496291
11,-0.000495299
11,-0.000494308
11,-0.000493319
11,-0.000492333
11,-0.00049733
11,-0.000490354
11,-0.000489373
11,-0.000488394
11,-0.000487417
11,-0.000486442
11,-0.00048547
11,-0.000484499
11,-0.00048353
11,-0.000476581
11,-0.000475628
11,-0.000474677
11,-0.000473727
11,-0.000466798
11,-0.000471846
11,-0.000476884
11,-0.00047593
11,-0.00048096
11,-0.000479998
11,-0.000479038
11,-0.00047808
11,-0.000477124
11,-0.000470188
11,-0.000475229
11,-0.000474279
11,-0.00047333
11,-0.000472383
11,-0.000465457
11,-0.000458545
11,-0.000457628
11,-0.000456713
11,-0.000455799
11,-0.000448906
11,-0.000442027
11,-0.000435161
11,-0.000434291
11,-0.000439404
11,-0.000444506
11,-0.000443617
11,-0.00044273
11,-0.000441845
11,-0.000446943
11,-0.000446049
11,-0.000445157
11,-0.000444266
11,-0.000443378
11,-0.000436509
11,-0.000435636
11,-0.000434765
11,-0.000433896
11,-0.000433028
11,-0.000432162
11,-0.000437279
11,-0.000442386
11,-0.000441501
11,-0.000440618
11,-0.000439737
11,-0.000438857
11,-0.00043798
11,-0.000437104
11,-0.000436229
11,-0.000435357
11,-0.000434486
11,-0.000427636
11,-0.000426781
11,-0.000425927
11,-0.000425075
11,-0.000424225
11,-0.000423377
11,-0.00042253
11,-0.000421685
11,-0.000426823
11,-0.000425969
11,-0.000419136
11,-0.000418298
11,-0.000417461
11,-0.000416626
11,-0.000415793
11,-0.000420943
11,-0.000426082
11,-0.00042523
11,-0.00042438
11,-0.000423531
11,-0.000422684
11,-0.000421838
11,-0.000420995
11,-0.000420153
11,-0.000419312
11,-0.000418474
11,-0.000417637
11,-0.000422783
11,-0.000421937
11,-0.000427075
11,-0.000426221
11,-0.000419387
11,-0.000418548
11,-0.000417711
11,-0.000416876
11,-0.000416042
11,-0.00041521
11,-0.000414379
11,-0.000413551
11,-0.000412724
11,-0.000411898
11,-0.000411074
11,-0.000416234
11,-0.000415401
11,-0.00041457
11,-0.00040776
11,-0.000406944
11,-0.00040613
11,-0.0004113
11,-0.000416458
11,-0.000421607
11,-0.000414782
11,-0.000413953
11,-0.000413125
11,-0.00041828
11,-0.000417443
11,-0.000416609
11,-0.000415775
11,-0.000408962
11,-0.000408144
11,-0.000407328
11,-0.000406513
11,-0.0004057
11,-0.000404889
11,-0.000404079
11,-0.000403271
11,-0.000402465
11,-0.00040166
11,-0.000400856
11,-0.000400055
11,-0.000399254
11,-0.000404437
11,-0.00040961
11,-0.000414772
11,-0.000419924
11,-0.000425066
11,-0.000424216
11,-0.000429349
11,-0.000434471
11,-0.000433602
11,-0.000432735
11,-0.00043187
11,-0.000425025
11,-0.000424174
11,-0.000417345
11,-0.000422491
11,-0.000421646
11,-0.000426785
11,-0.000431912
11,-0.000431049
11,-0.000430187
11,-0.000423345
11,-0.00042848
11,-0.000427623
11,-0.000426767
11,-0.000425914
11,-0.000425062
11,-0.000424212
11,-0.000423363
11,-0.000422517
11,-0.000421672
11,-0.00042681
11,-0.000425956
11,-0.000425104
11,-0.000424254
11,-0.000423405
11,-0.000422559
11,-0.000421714
11,-0.00042087
11,-0.000420028
11,-0.00042517
11,-0.000424319
11,-0.000423471
11,-0.000428605
11,-0.000421767
11,-0.000420923
11,-0.000420081
11,-0.000419241
11,-0.000418403
11,-0.000417566
11,-0.000416731
11,-0.000421879
11,-0.000421035
11,-0.000420193
11,-0.000419352
11,-0.000418514
11,-0.000417677
11,-0.000416841
11,-0.000416008
11,-0.000415176
11,-0.000414345
11,-0.000413517
11,-0.000418671
11,-0.000417834
11,-0.000422979
11,-0.000422134
11,-0.000415308
11,-0.000414477
11,-0.000413648
11,-0.000412821
11,-0.000417977
11,-0.000411159
11,-0.000404356
11,-0.000403547
11,-0.00040274
11,-0.000401934
11,-0.00040113
11,-0.000400328
11,-0.000399528
11,-0.00040471
11,-0.000409882
11,-0.000415044
11,-0.000414214
11,-0.000419367
11,-0.000418528
11,-0.000417691
11,-0.000410874
11,-0.000410052
11,-0.000409232
11,-0.000408414
11,-0.000401615
11,-0.000400812
11,-0.00040001
11,-0.00039921
11,-0.000398412
11,-0.000397615
11,-0.00039682
11,-0.000396026
11,-0.000395234
11,-0.000400425
11,-0.000399624
11,-0.000398825
11,-0.000398028
11,-0.000397231
11,-0.000396437
11,-0.000395644
11,-0.000394853
11,-0.000400045
11,-0.000399244
11,-0.000392465
11,-0.00039168
11,-0.000396878
11,-0.000396084
11,-0.000395292
11,-0.000394501
11,-0.000393712
11,-0.000398906
11,-0.000398108
11,-0.000403294
11,-0.000402487
11,-0.000401682
11,-0.000400879
11,-0.000400077
11,-0.000405258
11,-0.000398466
11,-0.000397669
11,-0.000390893
11,-0.000390111
11,-0.000395312
11,-0.000394521
11,-0.000399714
11,-0.000398914
11,-0.000398117
11,-0.00039732
11,-0.000390544
11,-0.000389763
11,-0.000394965
11,-0.000394175
11,-0.000393387
11,-0.0003926
11,-0.000391815
11,-0.000391031
11,-0.000390249
11,-0.00039545
11,-0.000394659
11,-0.000399851
11,-0.000405033
11,-0.000410204
11,-0.000409384
11,-0.000408565
11,-0.000407748
11,-0.000412914
11,-0.000412088
11,-0.000411264
11,-0.000410442
11,-0.000409621
11,-0.000408801
11,-0.000407984
11,-0.000413149
11,-0.000412323
11,-0.00041748
11,-0.000416645
